version 3
run Caso2-0-20260601-19:08:26-628080
attr configname Caso2
attr datetime 20260601-19:08:26
attr datetimef 20260601-190826
attr experiment Caso2
attr inifile omnetpp.ini
attr iterationvars ""
attr iterationvarsd ""
attr iterationvarsf ""
attr measurement ""
attr network Network
attr processid 628080
attr repetition 0
attr replication #0
attr resultdir results
attr runnumber 0
attr seedset 0
config network Network
config sim-time-limit 200s
config Network.node[{0,1,2,3,4,6,7}].app.interArrivalTime exponential(1)
config Network.node[{0,1,2,3,4,6,7}].app.packetByteSize 125000
config Network.node[{0,1,2,3,4,6,7}].app.destination 5

vector 0 Network.node[7].lnk[0] "Buffer Size" ETV
vector 1 Network.node[6].lnk[0] "Buffer Size" ETV
vector 2 Network.node[0].lnk[0] "Buffer Size" ETV
vector 3 Network.node[4].lnk[0] "Buffer Size" ETV
vector 4 Network.node[5].app Delay ETV
vector 5 Network.node[1].lnk[0] "Buffer Size" ETV
vector 6 Network.node[3].lnk[0] "Buffer Size" ETV
vector 7 Network.node[2].lnk[0] "Buffer Size" ETV
0	3	0.353159139138	1
0	4	0.353159139138	0
0	48	1.898660388484	1
0	49	1.898660388484	0
0	67	2.576683561174	1
0	87	2.898660388484	0
0	89	2.898660388484	1
0	137	3.898660388484	0
0	139	3.898660388484	1
0	174	4.898660388484	0
0	176	4.898660388484	1
0	200	5.174937647023	2
0	214	5.898660388484	1
0	216	5.898660388484	2
0	256	6.788939721916	3
0	266	6.898660388484	2
0	268	6.898660388484	3
0	299	7.661260916958	4
0	315	7.898660388484	3
0	317	7.898660388484	4
0	347	8.399088208714	5
0	373	8.898660388484	4
0	375	8.898660388484	5
0	389	9.008170631897	6
0	425	9.898660388484	5
0	427	9.898660388484	6
0	441	9.969551570963	7
0	474	10.898660388484	6
0	476	10.898660388484	7
0	503	11.114690525663	8
0	520	11.898660388484	7
0	522	11.898660388484	8
0	544	12.213602993214	9
0	556	12.449809699297	10
0	569	12.82877166358	11
0	576	12.898660388484	10
0	578	12.898660388484	11
0	608	13.221884220884	12
0	634	13.898660388484	11
0	636	13.898660388484	12
0	680	14.898660388484	11
0	682	14.898660388484	12
0	729	15.898660388484	11
0	731	15.898660388484	12
0	781	16.898660388484	11
0	783	16.898660388484	12
0	820	17.67638106706	13
0	827	17.898660388484	12
0	829	17.898660388484	13
0	870	18.898660388484	12
0	872	18.898660388484	13
0	897	19.496199986344	14
0	916	19.898660388484	13
0	918	19.898660388484	14
0	936	20.208783579677	15
0	962	20.898660388484	14
0	964	20.898660388484	15
0	1001	21.553028851829	16
0	1014	21.898660388484	15
0	1016	21.898660388484	16
0	1056	22.719902378378	17
0	1063	22.898660388484	16
0	1065	22.898660388484	17
0	1093	23.555999910348	18
0	1109	23.898660388484	17
0	1111	23.898660388484	18
0	1132	24.267247847565	19
0	1155	24.898660388484	18
0	1157	24.898660388484	19
0	1184	25.125143488639	20
0	1187	25.2664742022	21
0	1201	25.898660388484	20
0	1203	25.898660388484	21
0	1227	26.308254856379	22
0	1243	26.615772580141	23
0	1259	26.898660388484	22
0	1261	26.898660388484	23
0	1294	27.420569979942	24
0	1307	27.735291640797	25
0	1317	27.898660388484	24
0	1319	27.898660388484	25
0	1336	28.075638379032	26
0	1346	28.36165935154	27
0	1369	28.898660388484	26
0	1371	28.898660388484	27
0	1392	29.220052319369	28
0	1395	29.47247231226	29
0	1415	29.898660388484	28
0	1417	29.898660388484	29
0	1455	30.898660388484	28
0	1457	30.898660388484	29
0	1491	31.693979210734	30
0	1498	31.898660388484	29
0	1500	31.898660388484	30
0	1524	32.224701707351	31
0	1547	32.898660388484	30
0	1549	32.898660388484	31
0	1587	33.898660388484	30
0	1589	33.898660388484	31
0	1613	34.354201103419	32
0	1633	34.898660388484	31
0	1635	34.898660388484	32
0	1659	35.116068874715	33
0	1682	35.898660388484	32
0	1684	35.898660388484	33
0	1701	36.080522440209	34
0	1740	36.898660388484	33
0	1742	36.898660388484	34
0	1775	37.339565957473	35
0	1791	37.776593971247	36
0	1794	37.810797389605	37
0	1804	37.898660388484	36
0	1806	37.898660388484	37
0	1846	38.869806774986	38
0	1856	38.898660388484	37
0	1858	38.898660388484	38
0	1888	39.327979658944	39
0	1905	39.898660388484	38
0	1907	39.898660388484	39
0	1945	40.898660388484	38
0	1947	40.898660388484	39
0	1967	40.968877236871	40
0	1990	41.602339854594	41
0	1997	41.898660388484	40
0	1999	41.898660388484	41
0	2034	42.898660388484	40
0	2036	42.898660388484	41
0	2076	43.628248671697	42
0	2086	43.898660388484	41
0	2088	43.898660388484	42
0	2132	44.898660388484	41
0	2134	44.898660388484	42
0	2161	45.274967773024	43
0	2180	45.819824901169	44
0	2187	45.898660388484	43
0	2189	45.898660388484	44
0	2233	46.898660388484	43
0	2235	46.898660388484	44
0	2267	47.898660388484	43
0	2269	47.898660388484	44
0	2310	48.898660388484	43
0	2312	48.898660388484	44
0	2365	49.529785493073	45
0	2381	49.898660388484	44
0	2383	49.898660388484	45
0	2424	50.898660388484	44
0	2426	50.898660388484	45
0	2473	51.898660388484	44
0	2475	51.898660388484	45
0	2505	52.41432978148	46
0	2519	52.898660388484	45
0	2521	52.898660388484	46
0	2562	53.898660388484	45
0	2564	53.898660388484	46
0	2582	54.41150174897	47
0	2617	54.898660388484	46
0	2619	54.898660388484	47
0	2625	54.919366871657	48
0	2647	55.521045858181	49
0	2663	55.898660388484	48
0	2665	55.898660388484	49
0	2718	56.898660388484	48
0	2720	56.898660388484	49
0	2764	57.898660388484	48
0	2766	57.898660388484	49
0	2807	58.898660388484	48
0	2809	58.898660388484	49
0	2823	59.035524538718	50
0	2856	59.898660388484	49
0	2858	59.898660388484	50
0	2872	60.165880084629	51
0	2878	60.410371106672	52
0	2908	60.898660388484	51
0	2910	60.898660388484	52
0	2937	61.498275540286	53
0	2951	61.898660388484	52
0	2953	61.898660388484	53
0	2967	61.981913927776	54
0	2990	62.86941585626	55
0	2993	62.869471208155	56
0	3000	62.898660388484	55
0	3002	62.898660388484	56
0	3043	63.898660388484	55
0	3045	63.898660388484	56
0	3086	64.898660388484	55
0	3088	64.898660388484	56
0	3094	64.930292449036	57
0	3112	65.173010942708	58
0	3135	65.898660388484	57
0	3137	65.898660388484	58
0	3184	66.898660388484	57
0	3186	66.898660388484	58
0	3236	67.898660388484	57
0	3238	67.898660388484	58
0	3262	68.117491220131	59
0	3291	68.898660388484	58
0	3293	68.898660388484	59
0	3307	69.001276876164	60
0	3314	69.32547598965	61
0	3320	69.467118024445	62
0	3343	69.898660388484	61
0	3345	69.898660388484	62
0	3400	70.728930697932	63
0	3410	70.898660388484	62
0	3412	70.898660388484	63
0	3450	71.898660388484	62
0	3452	71.898660388484	63
0	3482	72.17848547436	64
0	3502	72.898660388484	63
0	3504	72.898660388484	64
0	3522	73.056700553078	65
0	3528	73.402220136787	66
0	3562	73.677748073825	67
0	3569	73.898660388484	66
0	3571	73.898660388484	67
0	3609	74.898660388484	66
0	3611	74.898660388484	67
0	3629	75.215576788302	68
0	3635	75.416018983388	69
0	3658	75.898660388484	68
0	3660	75.898660388484	69
0	3681	76.134265463496	70
0	3704	76.898660388484	69
0	3706	76.898660388484	70
0	3724	77.066877318765	71
0	3727	77.3304544316	72
0	3744	77.898660388484	71
0	3746	77.898660388484	72
0	3778	78.898660388484	71
0	3780	78.898660388484	72
0	3794	79.441343205983	73
0	3818	79.898660388484	72
0	3820	79.898660388484	73
0	3838	80.10718569262	74
0	3844	80.453938996409	75
0	3870	80.898660388484	74
0	3872	80.898660388484	75
0	3910	81.898660388484	74
0	3912	81.898660388484	75
0	3940	82.344040694505	76
0	3954	82.898660388484	75
0	3956	82.898660388484	76
0	3993	83.744716391465	77
0	4000	83.891941428778	78
0	4003	83.898660388484	77
0	4005	83.898660388484	78
0	4031	84.450949098769	79
0	4054	84.898660388484	78
0	4056	84.898660388484	79
0	4076	85.166994416763	80
0	4093	85.898660388484	79
0	4095	85.898660388484	80
0	4112	86.0091307196	81
0	4130	86.898660388484	80
0	4132	86.898660388484	81
0	4163	87.564425079955	82
0	4173	87.898660388484	81
0	4175	87.898660388484	82
0	4192	88.074415913804	83
0	4212	88.59738356746	84
0	4221	88.739509078853	85
0	4231	88.898660388484	84
0	4233	88.898660388484	85
0	4289	89.898660388484	84
0	4291	89.898660388484	85
0	4332	90.898660388484	84
0	4334	90.898660388484	85
0	4374	91.79436885786	86
0	4384	91.898660388484	85
0	4386	91.898660388484	86
0	4439	92.898660388484	85
0	4441	92.898660388484	86
0	4461	93.092814493465	87
0	4493	93.836397685241	88
0	4500	93.898660388484	87
0	4502	93.898660388484	88
0	4558	94.898660388484	87
0	4560	94.898660388484	88
0	4591	95.590112330265	89
0	4597	95.786574216162	90
0	4603	95.858993326277	91
0	4606	95.868728735618	92
0	4613	95.898660388484	91
0	4615	95.898660388484	92
0	4632	96.187312583497	93
0	4655	96.650702611037	94
0	4674	96.898660388484	93
0	4676	96.898660388484	94
0	4711	97.898660388484	93
0	4713	97.898660388484	94
0	4769	98.898660388484	93
0	4771	98.898660388484	94
0	4791	99.24315121982	95
0	4818	99.898660388484	94
0	4820	99.898660388484	95
0	4837	100.056049581006	96
0	4879	100.898660388484	95
0	4881	100.898660388484	96
0	4907	101.104338685962	97
0	4913	101.20113615827	98
0	4940	101.898660388484	97
0	4942	101.898660388484	98
0	4974	102.898660388484	97
0	4976	102.898660388484	98
0	5010	103.615152588778	99
0	5026	103.898660388484	98
0	5028	103.898660388484	99
0	5068	104.786416283725	100
0	5075	104.898660388484	99
0	5077	104.898660388484	100
0	5094	105.060879805729	101
0	5097	105.235874853947	102
0	5100	105.245689290345	103
0	5127	105.898660388484	102
0	5129	105.898660388484	103
0	5169	106.837245413138	104
0	5176	106.898660388484	103
0	5178	106.898660388484	104
0	5184	106.939797306142	105
0	5216	107.898660388484	104
0	5218	107.898660388484	105
0	5259	108.898660388484	104
0	5261	108.898660388484	105
0	5305	109.898660388484	104
0	5307	109.898660388484	105
0	5321	109.97373987854	106
0	5357	110.898660388484	105
0	5359	110.898660388484	106
0	5397	111.898660388484	105
0	5399	111.898660388484	106
0	5446	112.898660388484	105
0	5448	112.898660388484	106
0	5462	112.955519535866	107
0	5471	113.160371803013	108
0	5501	113.898660388484	107
0	5503	113.898660388484	108
0	5509	113.928834380404	109
0	5520	114.032505217046	110
0	5556	114.898660388484	109
0	5558	114.898660388484	110
0	5611	115.898660388484	109
0	5613	115.898660388484	110
0	5633	116.068799404318	111
0	5636	116.101803389374	112
0	5642	116.351754206024	113
0	5659	116.643700277753	114
0	5684	116.898660388484	113
0	5686	116.898660388484	114
0	5703	117.115668365525	115
0	5723	117.584589692798	116
0	5736	117.898660388484	115
0	5738	117.898660388484	116
0	5755	117.955751413599	117
0	5776	118.898660388484	116
0	5778	118.898660388484	117
0	5803	119.600934840673	118
0	5819	119.898660388484	117
0	5821	119.898660388484	118
0	5838	120.05996276816	119
0	5841	120.400199987773	120
0	5848	120.473251644928	121
0	5858	120.749556837856	122
0	5868	120.898660388484	121
0	5870	120.898660388484	122
0	5908	121.835760149013	123
0	5918	121.898660388484	122
0	5920	121.898660388484	123
0	5958	122.898660388484	122
0	5960	122.898660388484	123
0	5993	123.759498719681	124
0	6007	123.898660388484	123
0	6009	123.898660388484	124
0	6026	124.206638622278	125
0	6045	124.657877420769	126
0	6062	124.898660388484	125
0	6064	124.898660388484	126
0	6070	124.922659694107	127
0	6108	125.898660388484	126
0	6110	125.898660388484	127
0	6145	126.898660388484	126
0	6147	126.898660388484	127
0	6177	127.691804176945	128
0	6188	127.898660388484	127
0	6190	127.898660388484	128
0	6207	127.978713272329	129
0	6210	128.090657813473	130
0	6220	128.763040715511	131
0	6231	128.898660388484	130
0	6233	128.898660388484	131
0	6280	129.898660388484	130
0	6282	129.898660388484	131
0	6317	130.898660388484	130
0	6319	130.898660388484	131
0	6333	130.984254898711	132
0	6345	131.302309443902	133
0	6361	131.77118759953	134
0	6375	131.898660388484	133
0	6377	131.898660388484	134
0	6391	132.042743391212	135
0	6400	132.231308115463	136
0	6410	132.582629397005	137
0	6433	132.898660388484	136
0	6435	132.898660388484	137
0	6479	133.898660388484	136
0	6481	133.898660388484	137
0	6514	134.753855278359	138
0	6517	134.778783374087	139
0	6528	134.898660388484	138
0	6530	134.898660388484	139
0	6568	135.898660388484	138
0	6570	135.898660388484	139
0	6587	135.981340718796	140
0	6603	136.58249536518	141
0	6614	136.898660388484	140
0	6616	136.898660388484	141
0	6622	136.928928692675	142
0	6669	137.898660388484	141
0	6671	137.898660388484	142
0	6691	138.043386924391	143
0	6724	138.898660388484	142
0	6726	138.898660388484	143
0	6764	139.898660388484	142
0	6766	139.898660388484	143
0	6783	140.300863715147	144
0	6800	140.822975019558	145
0	6807	140.898660388484	144
0	6809	140.898660388484	145
0	6859	141.898660388484	144
0	6861	141.898660388484	145
0	6905	142.898660388484	144
0	6907	142.898660388484	145
0	6948	143.898660388484	144
0	6950	143.898660388484	145
0	6980	144.542383330457	146
0	6986	144.592298932883	147
0	6996	144.884849534074	148
0	6999	144.898660388484	147
0	7001	144.898660388484	148
0	7025	145.475684754479	149
0	7036	145.898660388484	148
0	7038	145.898660388484	149
0	7044	145.90412578327	150
0	7069	146.618759970648	151
0	7082	146.898660388484	150
0	7084	146.898660388484	151
0	7124	147.759803304901	152
0	7131	147.898660388484	151
0	7133	147.898660388484	152
0	7175	148.887563738474	153
0	7178	148.898660388484	152
0	7180	148.898660388484	153
0	7203	149.219824362053	154
0	7230	149.898660388484	153
0	7232	149.898660388484	154
0	7261	150.458860869431	155
0	7268	150.552616257041	156
0	7291	150.898660388484	155
0	7293	150.898660388484	156
0	7319	151.25119726312	157
0	7352	151.898660388484	156
0	7354	151.898660388484	157
0	7398	152.898660388484	156
0	7400	152.898660388484	157
0	7447	153.898660388484	156
0	7449	153.898660388484	157
0	7486	154.720591101897	158
0	7493	154.898660388484	157
0	7495	154.898660388484	158
0	7530	155.898660388484	157
0	7532	155.898660388484	158
0	7538	155.912906876116	159
0	7560	156.625863355244	160
0	7573	156.898660388484	159
0	7575	156.898660388484	160
0	7592	157.032276221991	161
0	7598	157.134578003001	162
0	7618	157.718038175306	163
0	7628	157.898660388484	162
0	7630	157.898660388484	163
0	7674	158.898660388484	162
0	7676	158.898660388484	163
0	7682	158.902065911653	164
0	7713	159.878357934622	165
0	7720	159.898660388484	164
0	7722	159.898660388484	165
0	7739	160.276306329271	166
0	7756	160.794534177375	167
0	7763	160.898660388484	166
0	7765	160.898660388484	167
0	7803	161.898660388484	166
0	7805	161.898660388484	167
0	7848	162.848586661239	168
0	7855	162.898660388484	167
0	7857	162.898660388484	168
0	7904	163.898660388484	167
0	7906	163.898660388484	168
0	7959	164.898660388484	167
0	7961	164.898660388484	168
0	7996	165.898660388484	167
0	7998	165.898660388484	168
0	8018	166.299596790598	169
0	8024	166.474224587078	170
0	8045	166.898660388484	169
0	8047	166.898660388484	170
0	8087	167.556326471562	171
0	8090	167.596748049215	172
0	8103	167.898660388484	171
0	8105	167.898660388484	172
0	8129	168.166184163086	173
0	8155	168.898660388484	172
0	8157	168.898660388484	173
0	8198	169.898660388484	172
0	8200	169.898660388484	173
0	8243	170.549252436278	174
0	8259	170.898660388484	173
0	8261	170.898660388484	174
0	8275	171.024461875063	175
0	8285	171.216419777014	176
0	8298	171.613898856937	177
0	8307	171.837497915272	178
0	8314	171.898660388484	177
0	8316	171.898660388484	178
0	8347	172.772078331621	179
0	8354	172.898660388484	178
0	8356	172.898660388484	179
0	8374	173.10615341468	180
0	8394	173.898660388484	179
0	8396	173.898660388484	180
0	8414	174.108715823008	181
0	8433	174.675417782858	182
0	8443	174.898660388484	181
0	8445	174.898660388484	182
0	8466	175.087118360731	183
0	8495	175.898660388484	182
0	8497	175.898660388484	183
0	8514	175.985520727168	184
0	8541	176.898660388484	183
0	8543	176.898660388484	184
0	8583	177.709912612636	185
0	8590	177.898660388484	184
0	8592	177.898660388484	185
0	8623	178.724871571006	186
0	8630	178.898660388484	185
0	8632	178.898660388484	186
0	8667	179.898660388484	185
0	8669	179.898660388484	186
0	8704	180.898660388484	185
0	8706	180.898660388484	186
0	8765	181.898660388484	185
0	8767	181.898660388484	186
0	8794	182.464020049046	187
0	8801	182.661751816987	188
0	8811	182.898660388484	187
0	8813	182.898660388484	188
0	8860	183.898660388484	187
0	8862	183.898660388484	188
0	8903	184.898660388484	187
0	8905	184.898660388484	188
0	8933	185.84963598926	189
0	8940	185.898660388484	188
0	8942	185.898660388484	189
0	8966	186.360131151963	190
0	8973	186.597797023069	191
0	8979	186.757741236422	192
0	8989	186.898660388484	191
0	8991	186.898660388484	192
0	9038	187.898660388484	191
0	9040	187.898660388484	192
0	9046	187.91271576999	193
0	9086	188.878151569687	194
0	9093	188.898660388484	193
0	9095	188.898660388484	194
0	9145	189.898660388484	193
0	9147	189.898660388484	194
0	9200	190.898660388484	193
0	9202	190.898660388484	194
0	9220	191.147120656311	195
0	9236	191.760087924993	196
0	9242	191.820762225168	197
0	9249	191.898660388484	196
0	9251	191.898660388484	197
0	9265	191.952973824997	198
0	9275	192.375663613064	199
0	9292	192.898660388484	198
0	9294	192.898660388484	199
0	9334	193.626612273723	200
0	9347	193.898660388484	199
0	9349	193.898660388484	200
0	9386	194.710160462016	201
0	9396	194.898660388484	200
0	9398	194.898660388484	201
0	9419	195.101845001898	202
0	9422	195.218915041226	203
0	9451	195.898660388484	202
0	9453	195.898660388484	203
0	9503	196.898660388484	202
0	9505	196.898660388484	203
0	9525	197.010569377113	204
0	9558	197.898660388484	203
0	9560	197.898660388484	204
0	9574	198.017842065503	205
0	9607	198.898660388484	204
0	9609	198.898660388484	205
0	9644	199.898660388484	204
0	9646	199.898660388484	205
1	7	0.485128163722	1
1	8	0.485128163722	0
1	11	0.543512832815	1
1	26	1.353259139138	2
1	30	1.485128163722	1
1	58	2.485128163722	0
1	92	2.898760388484	1
1	118	3.485128163722	0
1	130	3.858425112743	1
1	142	3.898760388484	2
1	153	4.009655966408	3
1	164	4.485128163722	2
1	179	4.898760388484	3
1	201	5.485128163722	2
1	219	5.898760388484	3
1	234	6.04997022435	4
1	241	6.485128163722	3
1	253	6.78493464554	4
1	271	6.898760388484	5
1	290	7.485128163722	4
1	305	7.806366519889	5
1	320	7.898760388484	6
1	344	8.341932240117	7
1	351	8.485128163722	6
1	378	8.898760388484	7
1	406	9.485128163722	6
1	415	9.677222424741	7
1	430	9.898760388484	8
1	458	10.485128163722	7
1	479	10.898760388484	8
1	507	11.485128163722	7
1	525	11.898760388484	8
1	557	12.485128163722	7
1	563	12.555137446019	8
1	581	12.898760388484	9
1	609	13.485128163722	8
1	615	13.49119900579	9
1	639	13.898760388484	10
1	661	14.485128163722	9
1	685	14.898760388484	10
1	710	15.485128163722	9
1	734	15.898760388484	10
1	762	16.485128163722	9
1	771	16.684145647844	10
1	786	16.898760388484	11
1	814	17.485128163722	10
1	832	17.898760388484	11
1	857	18.485128163722	10
1	875	18.898760388484	11
1	891	19.485128163722	10
1	903	19.671335539696	11
1	909	19.72866246612	12
1	921	19.898760388484	13
1	939	20.328609352761	14
1	942	20.348799480907	15
1	945	20.388775779965	16
1	946	20.485128163722	15
1	967	20.898760388484	16
1	981	20.971654168832	17
1	991	21.417073630752	18
1	995	21.485128163722	17
1	1019	21.898760388484	18
1	1033	22.072719915116	19
1	1047	22.485128163722	18
1	1068	22.898760388484	19
1	1087	23.485128163722	18
1	1114	23.898760388484	19
1	1139	24.485128163722	18
1	1145	24.576631698201	19
1	1160	24.898760388484	20
1	1163	24.90197211373	21
1	1166	24.911372864394	22
1	1191	25.485128163722	21
1	1206	25.898760388484	22
1	1217	26.012218774485	23
1	1231	26.485128163722	22
1	1264	26.898760388484	23
1	1301	27.485128163722	22
1	1310	27.853501245972	23
1	1322	27.898760388484	24
1	1347	28.485128163722	23
1	1374	28.898760388484	24
1	1396	29.485128163722	23
1	1420	29.898760388484	24
1	1439	30.485128163722	23
1	1460	30.898760388484	24
1	1481	31.128644423687	25
1	1485	31.485128163722	24
1	1503	31.898760388484	25
1	1528	32.485128163722	24
1	1537	32.585462982251	25
1	1552	32.898760388484	26
1	1563	32.961201824658	27
1	1577	33.485128163722	26
1	1592	33.898760388484	27
1	1614	34.485128163722	26
1	1638	34.898760388484	27
1	1666	35.485128163722	26
1	1687	35.898760388484	27
1	1720	36.325572277709	28
1	1724	36.485128163722	27
1	1745	36.898760388484	28
1	1772	37.28794733348	29
1	1779	37.485128163722	28
1	1809	37.898760388484	29
1	1824	38.131835806071	30
1	1831	38.485128163722	29
1	1861	38.898760388484	30
1	1885	39.187685414731	31
1	1889	39.485128163722	30
1	1895	39.489251327954	31
1	1910	39.898760388484	32
1	1925	40.2593281875	33
1	1926	40.485128163722	32
1	1938	40.853401685824	33
1	1950	40.898760388484	34
1	1981	41.485128163722	33
1	2002	41.898760388484	34
1	2024	42.485128163722	33
1	2039	42.898760388484	34
1	2069	43.372683815907	35
1	2070	43.485128163722	34
1	2091	43.898760388484	35
1	2110	44.485128163722	34
1	2137	44.898760388484	35
1	2164	45.374670311433	36
1	2165	45.485128163722	35
1	2192	45.898760388484	36
1	2214	46.485128163722	35
1	2226	46.655004515245	36
1	2238	46.898760388484	37
1	2249	47.101257335764	38
1	2254	47.485128163722	37
1	2272	47.898760388484	38
1	2297	48.485128163722	37
1	2315	48.898760388484	38
1	2359	49.485128163722	37
1	2386	49.898760388484	38
1	2397	49.985869087866	39
1	2402	50.485128163722	38
1	2421	50.893833115191	39
1	2429	50.898760388484	40
1	2454	51.485128163722	39
1	2460	51.587032884729	40
1	2463	51.858700955071	41
1	2478	51.898760388484	42
1	2506	52.485128163722	41
1	2524	52.898760388484	42
1	2546	53.485128163722	41
1	2567	53.898760388484	42
1	2589	54.485128163722	41
1	2622	54.898760388484	42
1	2641	55.485128163722	41
1	2668	55.898760388484	42
1	2696	56.485128163722	41
1	2705	56.737833843065	42
1	2723	56.898760388484	43
1	2745	57.485128163722	42
1	2769	57.898760388484	43
1	2794	58.485128163722	42
1	2800	58.866503937596	43
1	2812	58.898760388484	44
1	2839	59.471085155931	45
1	2840	59.485128163722	44
1	2861	59.898760388484	45
1	2882	60.485128163722	44
1	2892	60.725288426022	45
1	2901	60.872884458913	46
1	2913	60.898760388484	47
1	2931	61.485128163722	46
1	2956	61.898760388484	47
1	2970	62.293267914498	48
1	2971	62.485128163722	47
1	2981	62.685840942686	48
1	3005	62.898760388484	49
1	3024	63.485128163722	48
1	3048	63.898760388484	49
1	3072	64.46398427952	50
1	3073	64.485128163722	49
1	3091	64.898760388484	50
1	3116	65.485128163722	49
1	3128	65.627097562945	50
1	3140	65.898760388484	51
1	3143	65.920049021432	52
1	3164	66.296478372953	53
1	3165	66.485128163722	52
1	3189	66.898760388484	53
1	3200	67.026706038192	54
1	3213	67.259231056577	55
1	3217	67.485128163722	54
1	3241	67.898760388484	55
1	3272	68.485128163722	54
1	3278	68.570203424737	55
1	3281	68.69523601466	56
1	3296	68.898760388484	57
1	3324	69.485128163722	56
1	3336	69.818696514208	57
1	3348	69.898760388484	58
1	3376	70.485128163722	57
1	3391	70.652074754854	58
1	3415	70.898760388484	59
1	3437	71.485128163722	58
1	3455	71.898760388484	59
1	3458	71.932499108833	60
1	3469	72.019607692091	61
1	3489	72.485128163722	60
1	3507	72.898760388484	61
1	3531	73.402924158242	62
1	3541	73.485128163722	61
1	3574	73.898760388484	62
1	3590	74.485128163722	61
1	3596	74.533842637431	62
1	3602	74.864752518607	63
1	3614	74.898760388484	64
1	3639	75.485128163722	63
1	3648	75.747633063564	64
1	3663	75.898760388484	65
1	3685	76.485128163722	64
1	3709	76.898760388484	65
1	3734	77.485128163722	64
1	3749	77.898760388484	65
1	3768	78.485128163722	64
1	3783	78.898760388484	65
1	3802	79.485128163722	64
1	3808	79.541656846652	65
1	3823	79.898760388484	66
1	3848	80.485128163722	65
1	3860	80.774537309683	66
1	3863	80.787862554511	67
1	3875	80.898760388484	68
1	3894	81.485128163722	67
1	3915	81.898760388484	68
1	3941	82.485128163722	67
1	3959	82.898760388484	68
1	3981	83.485128163722	67
1	4008	83.898760388484	68
1	4028	84.447519885276	69
1	4032	84.485128163722	68
1	4059	84.898760388484	69
1	4073	84.960234527906	70
1	4080	85.485128163722	69
1	4098	85.898760388484	70
1	4120	86.485128163722	69
1	4135	86.898760388484	70
1	4138	86.942124869015	71
1	4157	87.485128163722	70
1	4178	87.898760388484	71
1	4198	88.429554623355	72
1	4203	88.485128163722	71
1	4218	88.693825087491	72
1	4224	88.748732460042	73
1	4236	88.898760388484	74
1	4264	89.485128163722	73
1	4294	89.898760388484	74
1	4308	90.041880318838	75
1	4316	90.485128163722	74
1	4337	90.898760388484	75
1	4351	91.156767740745	76
1	4362	91.485128163722	75
1	4389	91.898760388484	76
1	4423	92.485128163722	75
1	4429	92.551636832008	76
1	4444	92.898760388484	77
1	4470	93.220939703994	78
1	4475	93.485128163722	77
1	4505	93.898760388484	78
1	4537	94.410435955329	79
1	4542	94.485128163722	78
1	4548	94.641856927284	79
1	4563	94.898760388484	80
1	4579	95.485128163722	79
1	4618	95.898760388484	80
1	4629	96.150072158911	81
1	4643	96.485128163722	80
1	4679	96.898760388484	81
1	4698	97.485128163722	80
1	4716	97.898760388484	81
1	4745	98.376156148353	82
1	4750	98.485128163722	81
1	4756	98.567452194251	82
1	4774	98.898760388484	83
1	4799	99.485128163722	82
1	4805	99.604697288354	83
1	4811	99.778892448728	84
1	4823	99.898760388484	85
1	4826	99.934178034233	86
1	4857	100.485128163722	85
1	4884	100.898760388484	86
1	4901	101.077973413352	87
1	4918	101.485128163722	86
1	4945	101.898760388484	87
1	4948	101.942911522781	88
1	4964	102.485128163722	87
1	4979	102.898760388484	88
1	4990	103.230873497857	89
1	5001	103.485128163722	88
1	5016	103.740075984723	89
1	5031	103.898760388484	90
1	5053	104.485128163722	89
1	5080	104.898760388484	90
1	5083	104.942789768552	91
1	5105	105.485128163722	90
1	5132	105.898760388484	91
1	5152	106.399349980128	92
1	5160	106.485128163722	91
1	5181	106.898760388484	92
1	5206	107.485128163722	91
1	5221	107.898760388484	92
1	5241	108.349326891975	93
1	5246	108.485128163722	92
1	5264	108.898760388484	93
1	5292	109.485128163722	92
1	5310	109.898760388484	93
1	5338	110.485128163722	92
1	5362	110.898760388484	93
1	5387	111.485128163722	92
1	5402	111.898760388484	93
1	5424	112.485128163722	92
1	5451	112.898760388484	93
1	5477	113.23282588232	94
1	5482	113.485128163722	93
1	5506	113.898760388484	94
1	5523	114.373104759239	95
1	5530	114.469646038267	96
1	5531	114.485128163722	95
1	5561	114.898760388484	96
1	5578	115.075079819907	97
1	5584	115.108713740827	98
1	5587	115.124442864602	99
1	5592	115.485128163722	98
1	5604	115.844087762291	99
1	5616	115.898760388484	100
1	5622	115.914589710652	101
1	5639	116.204863125775	102
1	5650	116.485128163722	101
1	5689	116.898760388484	102
1	5700	117.072724995663	103
1	5717	117.485128163722	102
1	5741	117.898760388484	103
1	5763	118.485128163722	102
1	5781	118.898760388484	103
1	5797	119.485128163722	102
1	5824	119.898760388484	103
1	5849	120.485128163722	102
1	5855	120.732287114125	103
1	5873	120.898760388484	104
1	5892	121.485128163722	103
1	5915	121.882949707054	104
1	5923	121.898760388484	105
1	5937	122.434751828692	106
1	5938	122.485128163722	105
1	5963	122.898760388484	106
1	5983	123.243731523825	107
1	5984	123.485128163722	106
1	5996	123.779630319165	107
1	6012	123.898760388484	108
1	6036	124.485128163722	107
1	6067	124.898760388484	108
1	6085	125.485128163722	107
1	6113	125.898760388484	108
1	6125	126.485128163722	107
1	6150	126.898760388484	108
1	6161	127.2502753997	109
1	6162	127.485128163722	108
1	6171	127.60204278513	109
1	6193	127.898760388484	110
1	6214	128.485128163722	109
1	6236	128.898760388484	110
1	6257	129.485128163722	109
1	6285	129.898760388484	110
1	6300	130.485128163722	109
1	6322	130.898760388484	110
1	6346	131.485128163722	109
1	6380	131.898760388484	110
1	6403	132.431763033099	111
1	6404	132.485128163722	110
1	6416	132.794841873283	111
1	6438	132.898760388484	112
1	6455	133.228506728657	113
1	6459	133.485128163722	112
1	6484	133.898760388484	113
1	6499	134.485128163722	112
1	6533	134.898760388484	113
1	6554	135.485128163722	112
1	6573	135.898760388484	113
1	6590	136.085932076473	114
1	6597	136.485128163722	113
1	6619	136.898760388484	114
1	6642	137.320611952526	115
1	6646	137.485128163722	114
1	6674	137.898760388484	115
1	6698	138.485128163722	114
1	6710	138.511593405923	115
1	6729	138.898760388484	116
1	6747	139.485128163722	115
1	6769	139.898760388484	116
1	6790	140.485128163722	115
1	6812	140.898760388484	116
1	6831	141.485128163722	115
1	6864	141.898760388484	116
1	6885	142.402503496331	117
1	6886	142.485128163722	116
1	6898	142.727920213493	117
1	6910	142.898760388484	118
1	6934	143.472298474891	119
1	6935	143.485128163722	118
1	6941	143.878024818758	119
1	6953	143.898760388484	120
1	6970	144.277820091235	121
1	6974	144.485128163722	120
1	7004	144.898760388484	121
1	7026	145.485128163722	120
1	7041	145.898760388484	121
1	7062	146.260632671509	122
1	7063	146.485128163722	121
1	7075	146.749741082129	122
1	7087	146.898760388484	123
1	7109	147.485128163722	122
1	7121	147.723619673609	123
1	7136	147.898760388484	124
1	7156	148.485128163722	123
1	7162	148.742572854685	124
1	7183	148.898760388484	125
1	7197	149.060965870741	126
1	7200	149.091667643752	127
1	7208	149.485128163722	126
1	7235	149.898760388484	127
1	7252	150.099681184236	128
1	7262	150.485128163722	127
1	7296	150.898760388484	128
1	7299	150.916273873084	129
1	7329	151.485128163722	128
1	7357	151.898760388484	129
1	7378	152.485128163722	128
1	7403	152.898760388484	129
1	7420	153.282564136931	130
1	7427	153.485128163722	129
1	7452	153.898760388484	130
1	7469	154.324408601752	131
1	7470	154.485128163722	130
1	7498	154.898760388484	131
1	7507	155.485128163722	130
1	7535	155.898760388484	131
1	7550	156.485128163722	130
1	7563	156.787052871158	131
1	7566	156.816584682322	132
1	7578	156.898760388484	133
1	7605	157.485128163722	132
1	7633	157.898760388484	133
1	7653	158.38124123302	134
1	7657	158.485128163722	133
1	7679	158.898760388484	134
1	7697	159.485128163722	133
1	7725	159.898760388484	134
1	7736	160.134689351296	135
1	7742	160.277938055081	136
1	7743	160.485128163722	135
1	7768	160.898760388484	136
1	7783	161.485128163722	135
1	7808	161.898760388484	136
1	7832	162.485128163722	135
1	7860	162.898760388484	136
1	7878	163.485128163722	135
1	7909	163.898760388484	136
1	7926	164.219396739707	137
1	7927	164.485128163722	136
1	7964	164.898760388484	137
1	7976	165.485128163722	136
1	8001	165.898760388484	137
1	8025	166.485128163722	136
1	8050	166.898760388484	137
1	8074	167.258928329841	138
1	8078	167.485128163722	137
1	8108	167.898760388484	138
1	8136	168.485128163722	137
1	8160	168.898760388484	138
1	8179	169.485128163722	137
1	8188	169.677979724	138
1	8203	169.898760388484	139
1	8233	170.418231915415	140
1	8237	170.485128163722	139
1	8264	170.898760388484	140
1	8278	171.054335369781	141
1	8289	171.485128163722	140
1	8319	171.898760388484	141
1	8334	172.144580956242	142
1	8335	172.485128163722	141
1	8341	172.514560135993	142
1	8359	172.898760388484	143
1	8380	173.163970862787	144
1	8384	173.485128163722	143
1	8399	173.898760388484	144
1	8424	174.485128163722	143
1	8448	174.898760388484	144
1	8472	175.377198094322	145
1	8476	175.485128163722	144
1	8488	175.814937550435	145
1	8500	175.898760388484	146
1	8522	176.485128163722	145
1	8534	176.871378544616	146
1	8546	176.898760388484	147
1	8549	176.909667342388	148
1	8574	177.485128163722	147
1	8595	177.898760388484	148
1	8614	178.485128163722	147
1	8635	178.898760388484	148
1	8654	179.485128163722	147
1	8672	179.898760388484	148
1	8694	180.485128163722	147
1	8709	180.898760388484	148
1	8731	181.485128163722	147
1	8770	181.898760388484	148
1	8795	182.485128163722	147
1	8816	182.898760388484	148
1	8847	183.485128163722	147
1	8865	183.898760388484	148
1	8883	184.143135795187	149
1	8893	184.485128163722	148
1	8908	184.898760388484	149
1	8927	185.485128163722	148
1	8945	185.898760388484	149
1	8956	186.028000409392	150
1	8967	186.485128163722	149
1	8994	186.898760388484	150
1	9016	187.485128163722	149
1	9022	187.546369557789	150
1	9025	187.555340945123	151
1	9028	187.657659424696	152
1	9031	187.752226161197	153
1	9043	187.898760388484	154
1	9067	188.440937005153	155
1	9068	188.485128163722	154
1	9080	188.717424689254	155
1	9098	188.898760388484	156
1	9132	189.485128163722	155
1	9150	189.898760388484	156
1	9172	190.485128163722	155
1	9205	190.898760388484	156
1	9224	191.485128163722	155
1	9254	191.898760388484	156
1	9276	192.485128163722	155
1	9297	192.898760388484	156
1	9300	192.912693309376	157
1	9318	193.392985123184	158
1	9321	193.415203775203	159
1	9325	193.485128163722	158
1	9352	193.898760388484	159
1	9369	193.98041541005	160
1	9377	194.485128163722	159
1	9401	194.898760388484	160
1	9412	195.040060353259	161
1	9428	195.420179384597	162
1	9429	195.485128163722	161
1	9456	195.898760388484	162
1	9484	196.485128163722	161
1	9508	196.898760388484	162
1	9511	196.915410502726	163
1	9542	197.485128163722	162
1	9563	197.898760388484	163
1	9590	198.130166211294	164
1	9591	198.485128163722	163
1	9612	198.898760388484	164
1	9631	199.485128163722	163
1	9649	199.898760388484	164
2	14	0.898560388484	1
2	15	0.898560388484	0
2	22	1.216916529326	1
2	40	1.866362877577	2
2	45	1.898560388484	1
2	70	2.61903699089	2
2	77	2.859704212075	3
2	85	2.898560388484	2
2	135	3.898560388484	1
2	150	3.951745335884	2
2	163	4.427406255165	3
2	172	4.898560388484	2
2	187	4.951745335884	3
2	212	5.898560388484	2
2	227	5.951745335884	3
2	264	6.898560388484	2
2	279	6.951745335884	3
2	313	7.898560388484	2
2	328	7.951745335884	3
2	338	8.272628124307	4
2	350	8.478831406337	5
2	360	8.722879897074	6
2	363	8.868157924366	7
2	370	8.887126493567	8
2	371	8.898560388484	7
2	386	8.951745335884	8
2	402	9.278897304244	9
2	412	9.530339236319	10
2	423	9.898560388484	9
2	438	9.951745335884	10
2	444	10.018896285627	11
2	467	10.616642362445	12
2	472	10.898560388484	11
2	490	10.951745335884	12
2	513	11.812750161902	13
2	518	11.898560388484	12
2	533	11.951745335884	13
2	574	12.898560388484	12
2	584	12.923347607589	13
2	595	12.951745335884	14
2	624	13.767775401117	15
2	632	13.898560388484	14
2	647	13.951745335884	15
2	650	14.002076919893	16
2	657	14.177990465319	17
2	678	14.898560388484	16
2	693	14.951745335884	17
2	727	15.898560388484	16
2	748	15.951745335884	17
2	779	16.898560388484	16
2	794	16.951745335884	17
2	825	17.898560388484	16
2	843	17.951745335884	17
2	868	18.898560388484	16
2	883	18.951745335884	17
2	900	19.538090815562	18
2	914	19.898560388484	17
2	929	19.951745335884	18
2	960	20.898560388484	17
2	975	20.951745335884	18
2	1012	21.898560388484	17
2	1027	21.951745335884	18
2	1061	22.898560388484	17
2	1076	22.951745335884	18
2	1083	23.300018100066	19
2	1107	23.898560388484	18
2	1122	23.951745335884	19
2	1153	24.898560388484	18
2	1174	24.951745335884	19
2	1190	25.303258622573	20
2	1199	25.898560388484	19
2	1214	25.951745335884	20
2	1240	26.563192432682	21
2	1257	26.898560388484	20
2	1272	26.951745335884	21
2	1300	27.446321474641	22
2	1315	27.898560388484	21
2	1330	27.951745335884	22
2	1362	28.775079348391	23
2	1367	28.898560388484	22
2	1382	28.951745335884	23
2	1408	29.624300159955	24
2	1413	29.898560388484	23
2	1428	29.951745335884	24
2	1438	30.216924187407	25
2	1453	30.898560388484	24
2	1471	30.951745335884	25
2	1496	31.898560388484	24
2	1511	31.951745335884	25
2	1517	32.090384067264	26
2	1545	32.898560388484	25
2	1560	32.951745335884	26
2	1573	33.215666084108	27
2	1585	33.898560388484	26
2	1600	33.951745335884	27
2	1603	34.103527494545	28
2	1631	34.898560388484	27
2	1649	34.951745335884	28
2	1662	35.181362378681	29
2	1680	35.898560388484	28
2	1698	35.951745335884	29
2	1711	36.113765259088	30
2	1723	36.45342999167	31
2	1738	36.898560388484	30
2	1753	36.951745335884	31
2	1797	37.836409198207	32
2	1802	37.898560388484	31
2	1817	37.951745335884	32
2	1854	38.898560388484	31
2	1872	38.951745335884	32
2	1903	39.898560388484	31
2	1918	39.951745335884	32
2	1943	40.898560388484	31
2	1964	40.951745335884	32
2	1977	41.308944677489	33
2	1995	41.898560388484	32
2	2010	41.951745335884	33
2	2032	42.898560388484	32
2	2047	42.951745335884	33
2	2060	43.148677462566	34
2	2063	43.280861172181	35
2	2084	43.898560388484	34
2	2099	43.951745335884	35
2	2119	44.79068462779	36
2	2122	44.824471413342	37
2	2129	44.896146797655	38
2	2130	44.898560388484	37
2	2148	44.951745335884	38
2	2185	45.898560388484	37
2	2200	45.951745335884	38
2	2231	46.898560388484	37
2	2246	46.951745335884	38
2	2265	47.898560388484	37
2	2280	47.951745335884	38
2	2308	48.898560388484	37
2	2321	48.94599363646	38
2	2329	48.951745335884	39
2	2348	49.169132844561	40
2	2374	49.791730188539	41
2	2379	49.898560388484	40
2	2394	49.951745335884	41
2	2422	50.898560388484	40
2	2440	50.951745335884	41
2	2443	51.010526991882	42
2	2446	51.062209897677	43
2	2471	51.898560388484	42
2	2481	51.923133534358	43
2	2489	51.951745335884	44
2	2495	52.234101339328	45
2	2517	52.898560388484	44
2	2532	52.951745335884	45
2	2545	53.370697834585	46
2	2560	53.898560388484	45
2	2575	53.951745335884	46
2	2615	54.898560388484	45
2	2636	54.951745335884	46
2	2661	55.898560388484	45
2	2676	55.951745335884	46
2	2702	56.708632168439	47
2	2716	56.898560388484	46
2	2731	56.951745335884	47
2	2737	57.082301962833	48
2	2762	57.898560388484	47
2	2777	57.951745335884	48
2	2783	58.043741534404	49
2	2805	58.898560388484	48
2	2820	58.951745335884	49
2	2836	59.40567325871	50
2	2854	59.898560388484	49
2	2869	59.951745335884	50
2	2906	60.898560388484	49
2	2924	60.951745335884	50
2	2944	61.675513274494	51
2	2949	61.898560388484	50
2	2964	61.951745335884	51
2	2984	62.713363349983	52
2	2998	62.898560388484	51
2	3013	62.951745335884	52
2	3023	63.446731023151	53
2	3041	63.898560388484	52
2	3056	63.951745335884	53
2	3059	64.000901852199	54
2	3084	64.898560388484	53
2	3102	64.951745335884	54
2	3109	65.139959502872	55
2	3133	65.898560388484	54
2	3151	65.951745335884	55
2	3171	66.694622440681	56
2	3182	66.898560388484	55
2	3197	66.951745335884	56
2	3216	67.332811046274	57
2	3229	67.801487522251	58
2	3234	67.898560388484	57
2	3249	67.951745335884	58
2	3256	68.043407167022	59
2	3268	68.368623184998	60
2	3289	68.898560388484	59
2	3304	68.951745335884	60
2	3341	69.898560388484	59
2	3359	69.951745335884	60
2	3372	70.362662386275	61
2	3385	70.519138156659	62
2	3394	70.652478779932	63
2	3408	70.898560388484	62
2	3423	70.951745335884	63
2	3448	71.898560388484	62
2	3466	71.951745335884	63
2	3500	72.898560388484	62
2	3515	72.951745335884	63
2	3540	73.473114728347	64
2	3550	73.489680822769	65
2	3567	73.898560388484	64
2	3582	73.951745335884	65
2	3607	74.898560388484	64
2	3622	74.951745335884	65
2	3656	75.898560388484	64
2	3671	75.951745335884	65
2	3684	76.142239338289	66
2	3691	76.554969205016	67
2	3697	76.801385027229	68
2	3702	76.898560388484	67
2	3717	76.951745335884	68
2	3733	77.408664315848	69
2	3742	77.898560388484	68
2	3757	77.951745335884	69
2	3760	78.086466317903	70
2	3776	78.898560388484	69
2	3791	78.951745335884	70
2	3816	79.898560388484	69
2	3831	79.951745335884	70
2	3868	80.898560388484	69
2	3878	80.923106511278	70
2	3886	80.951745335884	71
2	3893	81.349642323314	72
2	3908	81.898560388484	71
2	3926	81.951745335884	72
2	3952	82.898560388484	71
2	3967	82.951745335884	72
2	3980	83.332391227917	73
2	3990	83.64638912598	74
2	4001	83.898560388484	73
2	4016	83.951745335884	74
2	4022	84.174856354282	75
2	4038	84.528452929545	76
2	4044	84.657033166821	77
2	4052	84.898560388484	76
2	4070	84.951745335884	77
2	4091	85.898560388484	76
2	4109	85.951745335884	77
2	4128	86.898560388484	76
2	4146	86.951745335884	77
2	4171	87.898560388484	76
2	4189	87.951745335884	77
2	4215	88.60466643438	78
2	4229	88.898560388484	77
2	4244	88.951745335884	78
2	4247	88.998168845503	79
2	4250	89.012215436745	80
2	4253	89.023708686954	81
2	4279	89.786132371169	82
2	4287	89.898560388484	81
2	4305	89.951745335884	82
2	4311	90.074645081517	83
2	4330	90.898560388484	82
2	4345	90.951745335884	83
2	4371	91.737610862191	84
2	4382	91.898560388484	83
2	4400	91.951745335884	84
2	4406	92.214089444789	85
2	4418	92.355057329204	86
2	4432	92.714018647581	87
2	4437	92.898560388484	86
2	4452	92.951745335884	87
2	4458	93.01799020681	88
2	4487	93.627054662134	89
2	4498	93.898560388484	88
2	4516	93.951745335884	89
2	4522	94.195225145876	90
2	4556	94.898560388484	89
2	4571	94.951745335884	90
2	4594	95.748970647908	91
2	4611	95.898560388484	90
2	4626	95.951745335884	91
2	4635	96.217077101143	92
2	4638	96.360330122525	93
2	4649	96.579798283419	94
2	4672	96.898560388484	93
2	4687	96.951745335884	94
2	4709	97.898560388484	93
2	4724	97.951745335884	94
2	4733	98.090259884643	95
2	4759	98.760491761219	96
2	4767	98.898560388484	95
2	4785	98.951745335884	96
2	4794	99.405400252385	97
2	4816	99.898560388484	96
2	4834	99.951745335884	97
2	4843	100.118784535186	98
2	4876	100.89362691469	99
2	4877	100.898560388484	98
2	4892	100.951745335884	99
2	4904	101.100812096941	100
2	4937	101.885649116533	101
2	4938	101.898560388484	100
2	4956	101.951745335884	101
2	4972	102.898560388484	100
2	4987	102.951745335884	101
2	5007	103.496981115654	102
2	5024	103.898560388484	101
2	5039	103.951745335884	102
2	5042	104.052640028812	103
2	5052	104.449720978832	104
2	5073	104.898560388484	103
2	5091	104.951745335884	104
2	5120	105.863504308371	105
2	5125	105.898560388484	104
2	5143	105.951745335884	105
2	5159	106.476249753235	106
2	5174	106.898560388484	105
2	5195	106.951745335884	106
2	5201	107.2922683172	107
2	5214	107.898560388484	106
2	5232	107.951745335884	107
2	5257	108.898560388484	106
2	5272	108.951745335884	107
2	5281	109.280207772044	108
2	5284	109.379429298528	109
2	5303	109.898560388484	108
2	5318	109.951745335884	109
2	5330	110.370708804287	110
2	5355	110.898560388484	109
2	5365	110.922412416877	110
2	5373	110.951745335884	111
2	5395	111.898560388484	110
2	5410	111.951745335884	111
2	5419	112.278130930727	112
2	5436	112.864899737407	113
2	5443	112.881363021392	114
2	5444	112.898560388484	113
2	5459	112.951745335884	114
2	5494	113.640327795641	115
2	5499	113.898560388484	114
2	5517	113.951745335884	115
2	5554	114.898560388484	114
2	5572	114.951745335884	115
2	5609	115.898560388484	114
2	5630	115.951745335884	115
2	5656	116.546247399297	116
2	5665	116.686723116252	117
2	5682	116.898560388484	116
2	5697	116.951745335884	117
2	5709	117.362078986424	118
2	5712	117.408813888159	119
2	5734	117.898560388484	118
2	5744	117.934844683919	119
2	5752	117.951745335884	120
2	5774	118.898560388484	119
2	5789	118.951745335884	120
2	5792	118.953062262726	121
2	5817	119.898560388484	120
2	5832	119.951745335884	121
2	5866	120.898560388484	120
2	5881	120.951745335884	121
2	5916	121.898560388484	120
2	5931	121.951745335884	121
2	5956	122.898560388484	120
2	5971	122.951745335884	121
2	5990	123.500886114586	122
2	6005	123.898560388484	121
2	6020	123.951745335884	122
2	6023	124.093543532523	123
2	6060	124.898560388484	122
2	6078	124.951745335884	123
2	6101	125.857630924712	124
2	6106	125.898560388484	123
2	6121	125.951745335884	124
2	6143	126.898560388484	123
2	6158	126.951745335884	124
2	6186	127.898560388484	123
2	6204	127.951745335884	124
2	6229	128.898560388484	123
2	6244	128.951745335884	124
2	6253	129.330486630615	125
2	6278	129.898560388484	124
2	6296	129.951745335884	125
2	6306	130.500922360629	126
2	6315	130.898560388484	125
2	6330	130.951745335884	126
2	6352	131.498221284796	127
2	6372	131.890382574419	128
2	6373	131.898560388484	127
2	6388	131.951745335884	128
2	6431	132.898560388484	127
2	6446	132.951745335884	128
2	6458	133.477739804111	129
2	6465	133.702782297973	130
2	6477	133.898560388484	129
2	6495	133.951745335884	130
2	6511	134.707897946545	131
2	6526	134.898560388484	130
2	6541	134.951745335884	131
2	6566	135.898560388484	130
2	6581	135.951745335884	131
2	6593	136.097256453493	132
2	6596	136.170762830912	133
2	6612	136.898560388484	132
2	6630	136.951745335884	133
2	6633	137.116864572166	134
2	6639	137.282157584487	135
2	6662	137.822560282089	136
2	6667	137.898560388484	135
2	6677	137.927956412001	136
2	6685	137.951745335884	137
2	6694	138.410531627162	138
2	6704	138.485723436326	139
2	6707	138.505212729278	140
2	6722	138.898560388484	139
2	6737	138.951745335884	140
2	6746	139.296821823881	141
2	6753	139.596174826822	142
2	6762	139.898560388484	141
2	6777	139.951745335884	142
2	6805	140.898560388484	141
2	6820	140.951745335884	142
2	6846	141.866884934219	143
2	6857	141.898560388484	142
2	6872	141.951745335884	143
2	6878	142.152453854722	144
2	6892	142.52406960955	145
2	6903	142.898560388484	144
2	6918	142.951745335884	145
2	6921	142.990933953113	146
2	6924	143.017814572623	147
2	6946	143.898560388484	146
2	6961	143.951745335884	147
2	6973	144.40649184649	148
2	6983	144.591107719396	149
2	6997	144.898560388484	148
2	7012	144.951745335884	149
2	7034	145.898560388484	148
2	7052	145.951745335884	149
2	7080	146.898560388484	148
2	7090	146.908633781962	149
2	7098	146.951745335884	150
2	7129	147.898560388484	149
2	7144	147.951745335884	150
2	7176	148.898560388484	149
2	7191	148.951745335884	150
2	7223	149.803751398983	151
2	7228	149.898560388484	150
2	7249	149.951745335884	151
2	7258	150.270048425421	152
2	7278	150.718136393796	153
2	7281	150.742750037867	154
2	7289	150.898560388484	153
2	7307	150.951745335884	154
2	7325	151.29701851128	155
2	7350	151.898560388484	154
2	7368	151.951745335884	155
2	7377	152.471088648074	156
2	7396	152.898560388484	155
2	7411	152.951745335884	156
2	7440	153.758978887184	157
2	7445	153.898560388484	156
2	7463	153.951745335884	157
2	7480	154.64750759951	158
2	7483	154.66452322324	159
2	7491	154.898560388484	158
2	7506	154.951745335884	159
2	7523	155.764991753718	160
2	7528	155.898560388484	159
2	7546	155.951745335884	160
2	7571	156.898560388484	159
2	7581	156.920466482465	160
2	7589	156.951745335884	161
2	7626	157.898560388484	160
2	7641	157.951745335884	161
2	7672	158.898560388484	160
2	7690	158.951745335884	161
2	7696	159.440355176312	162
2	7718	159.898560388484	161
2	7733	159.951745335884	162
2	7761	160.898560388484	161
2	7776	160.951745335884	162
2	7793	161.620375623468	163
2	7801	161.898560388484	162
2	7816	161.951745335884	163
2	7825	162.097373374412	164
2	7831	162.226252020454	165
2	7853	162.898560388484	164
2	7868	162.951745335884	165
2	7877	163.367867543975	166
2	7884	163.491277015482	167
2	7887	163.527976085763	168
2	7894	163.640506032142	169
2	7897	163.832601608291	170
2	7902	163.898560388484	169
2	7917	163.951745335884	170
2	7923	164.213112556853	171
2	7933	164.4961849927	172
2	7957	164.898560388484	171
2	7972	164.951745335884	172
2	7975	165.323510916303	173
2	7994	165.898560388484	172
2	8009	165.951745335884	173
2	8015	166.234656724373	174
2	8043	166.898560388484	173
2	8058	166.951745335884	174
2	8068	167.10427208521	175
2	8084	167.552601391822	176
2	8101	167.898560388484	175
2	8116	167.951745335884	176
2	8153	168.898560388484	175
2	8168	168.951745335884	176
2	8185	169.660381750225	177
2	8196	169.898560388484	176
2	8211	169.951745335884	177
2	8230	170.413151402264	178
2	8257	170.898560388484	177
2	8272	170.951745335884	178
2	8288	171.322722107137	179
2	8301	171.669650990292	180
2	8304	171.734944585938	181
2	8312	171.898560388484	180
2	8327	171.951745335884	181
2	8352	172.898560388484	180
2	8367	172.951745335884	181
2	8392	173.898560388484	180
2	8407	173.951745335884	181
2	8420	174.334617831283	182
2	8441	174.898560388484	181
2	8456	174.951745335884	182
2	8493	175.898560388484	181
2	8511	175.951745335884	182
2	8539	176.898560388484	181
2	8557	176.951745335884	182
2	8560	176.968749227226	183
2	8588	177.898560388484	182
2	8606	177.951745335884	183
2	8628	178.898560388484	182
2	8643	178.951745335884	183
2	8665	179.898560388484	182
2	8680	179.951745335884	183
2	8702	180.898560388484	182
2	8717	180.951745335884	183
2	8724	181.144192831454	184
2	8730	181.461962172836	185
2	8737	181.547582966947	186
2	8755	181.707382747381	187
2	8763	181.898560388484	186
2	8778	181.951745335884	187
2	8791	182.273512299077	188
2	8809	182.898560388484	187
2	8827	182.951745335884	188
2	8853	183.756685707112	189
2	8858	183.898560388484	188
2	8873	183.951745335884	189
2	8901	184.898560388484	188
2	8916	184.951745335884	189
2	8926	185.124739728487	190
2	8938	185.898560388484	189
2	8953	185.951745335884	190
2	8987	186.898560388484	189
2	9005	186.951745335884	190
2	9015	187.348522544237	191
2	9036	187.898560388484	190
2	9054	187.951745335884	191
2	9091	188.898560388484	190
2	9109	188.951745335884	191
2	9125	189.32947784036	192
2	9131	189.452588295277	193
2	9143	189.898560388484	192
2	9161	189.951745335884	193
2	9167	190.063342470142	194
2	9181	190.614480418457	195
2	9198	190.898560388484	194
2	9213	190.951745335884	195
2	9247	191.898560388484	194
2	9262	191.951745335884	195
2	9282	192.560265002379	196
2	9290	192.898560388484	195
2	9308	192.951745335884	196
2	9315	193.070536400138	197
2	9331	193.579964910359	198
2	9345	193.898560388484	197
2	9366	193.951745335884	198
2	9383	194.533250841582	199
2	9394	194.898560388484	198
2	9409	194.951745335884	199
2	9444	195.829128658081	200
2	9449	195.898560388484	199
2	9464	195.951745335884	200
2	9501	196.898560388484	199
2	9522	196.951745335884	200
2	9532	197.080637615032	201
2	9535	197.110720410567	202
2	9556	197.898560388484	201
2	9571	197.951745335884	202
2	9605	198.898560388484	201
2	9620	198.951745335884	202
2	9642	199.898560388484	201
2	9657	199.951745335884	202
3	18	0.977006426393	1
3	19	0.977006426393	0
3	29	1.460608531341	1
3	54	1.977006426393	0
3	104	3.029504648964	1
3	105	3.029504648964	0
3	111	3.120665675088	1
3	114	3.141091263487	2
3	127	3.600339400742	3
3	154	4.029504648964	2
3	188	5.029504648964	1
3	197	5.106123659379	2
3	228	6.029504648964	1
3	250	6.711363216441	2
3	283	7.029504648964	1
3	331	7.986590918665	2
3	332	8.029504648964	1
3	341	8.293871270818	2
3	390	9.029504648964	1
3	418	9.78212609657	2
3	445	10.029504648964	1
3	491	11.029504648964	0
3	540	12.111039470784	1
3	541	12.111039470784	0
3	550	12.298465536802	1
3	553	12.43649422523	2
3	599	13.111039470784	1
3	627	13.825536915021	2
3	651	14.111039470784	1
3	673	14.833556160441	2
3	697	15.111039470784	1
3	706	15.368620837524	2
3	719	15.648897846003	3
3	751	16.061399075925	4
3	752	16.111039470784	3
3	758	16.442954919299	4
3	768	16.591667188551	5
3	774	16.810547785058	6
3	801	17.111039470784	5
3	807	17.270561742798	6
3	810	17.284226321229	7
3	813	17.386371202754	8
3	847	18.111039470784	7
3	856	18.36147313691	8
3	887	19.111039470784	7
3	930	20.111039470784	6
3	985	21.111039470784	5
3	1036	22.110504596494	6
3	1037	22.111039470784	5
3	1043	22.176801997976	6
3	1046	22.421197446058	7
3	1077	23.111039470784	6
3	1096	23.600386973123	7
3	1126	24.111039470784	6
3	1135	24.34114592357	7
3	1138	24.42791640591	8
3	1175	25.111039470784	7
3	1218	26.111039470784	6
3	1284	27.077172334586	7
3	1285	27.111039470784	6
3	1337	28.111039470784	5
3	1343	28.209806476558	6
3	1386	29.111039470784	5
3	1405	29.620830885852	6
3	1429	30.111039470784	5
3	1448	30.760438849385	6
3	1475	31.111039470784	5
3	1514	31.962677416632	6
3	1518	32.111039470784	5
3	1527	32.467696164387	6
3	1540	32.755106640457	7
3	1567	33.111039470784	6
3	1604	34.111039470784	5
3	1630	34.88993709044	6
3	1653	35.111039470784	5
3	1690	35.922734101085	6
3	1705	36.111039470784	5
3	1717	36.281661316955	6
3	1733	36.765297003544	7
3	1757	37.111039470784	6
3	1818	38.111039470784	5
3	1849	38.872744608494	6
3	1878	38.975065223347	7
3	1879	39.111039470784	6
3	1919	40.111039470784	5
3	1968	41.111039470784	4
3	1974	41.199979880572	5
3	2011	42.111039470784	4
3	2048	43.111039470784	3
3	2103	44.111039470784	2
3	2152	45.111039470784	1
3	2204	46.111039470784	0
3	2283	47.965370400509	1
3	2284	47.965370400509	0
3	2357	49.35166175253	1
3	2358	49.35166175253	0
3	2371	49.775318853887	1
3	2398	50.35166175253	0
3	2408	50.71245757161	1
3	2414	50.744814376255	2
3	2432	50.924771717807	3
3	2447	51.35166175253	2
3	2470	51.896253875902	3
3	2499	52.35166175253	2
3	2539	53.35166175253	1
3	2576	54.35166175253	0
3	2595	54.617602131815	1
3	2607	54.869200744928	2
3	2637	55.35166175253	1
3	2653	55.712179520342	2
3	2692	56.35166175253	1
3	2711	56.853317423201	2
3	2738	57.35166175253	1
3	2787	58.35166175253	0
3	2888	60.600012037026	1
3	2889	60.600012037026	0
3	2916	60.90561693884	1
3	2938	61.600012037026	0
3	3016	63.039180226315	1
3	3017	63.039180226315	0
3	3020	63.412943520132	1
3	3030	63.732518175005	2
3	3063	64.039180226315	1
3	3103	65.039180226315	0
3	3115	65.332237616845	1
3	3125	65.592877746221	2
3	3155	66.039180226315	1
3	3201	67.039180226315	0
3	3223	67.715624400163	1
3	3250	68.039180226315	0
3	3284	68.754830036744	1
3	3308	69.039180226315	0
3	3323	69.483353879478	1
3	3360	70.039180226315	0
3	3397	70.702353224659	1
3	3403	70.73327951622	2
3	3427	71.039180226315	1
3	3473	72.039180226315	0
3	3479	72.10762253064	1
3	3516	73.039180226315	0
3	3537	73.423248788937	1
3	3547	73.488361653724	2
3	3583	74.039180226315	1
3	3589	74.299502675952	2
3	3623	75.039180226315	1
3	3672	76.039180226315	0
3	3766	78.455473771515	1
3	3767	78.455473771515	0
3	3834	80.060932534583	1
3	3835	80.060932534583	0
3	3857	80.750367072431	1
3	3887	81.060932534583	0
3	3933	82.234609555081	1
3	3934	82.234609555081	0
3	4118	86.436468981329	1
3	4119	86.436468981329	0
3	4149	86.966430560601	1
3	4152	87.411579900007	2
3	4153	87.436468981329	1
3	4166	87.816762782349	2
3	4181	87.901342274111	3
3	4195	88.260636179237	4
3	4199	88.436468981329	3
3	4260	89.436468981329	2
3	4276	89.753268343429	3
3	4282	89.836130616348	4
3	4297	89.930005163631	5
3	4312	90.436468981329	4
3	4348	91.061383931235	5
3	4358	91.436468981329	4
3	4368	91.607041646002	5
3	4419	92.436468981329	4
3	4471	93.436468981329	3
3	4481	93.577099211594	4
3	4538	94.436468981329	3
3	4575	95.436468981329	2
3	4585	95.491941469237	3
3	4639	96.436468981329	2
3	4652	96.635632089824	3
3	4690	97.251551373608	4
3	4693	97.331630229552	5
3	4694	97.436468981329	4
3	4727	97.965562356044	5
3	4746	98.436468981329	4
3	4795	99.436468981329	3
3	4840	100.108662056474	4
3	4846	100.433832926963	5
3	4847	100.436468981329	4
3	4863	100.571786158892	5
3	4866	100.730798175691	6
3	4914	101.436468981329	5
3	4960	102.436468981329	4
3	4994	103.436468981329	3
3	5019	103.863627665238	4
3	5046	104.436468981329	3
3	5065	104.731597647256	4
3	5101	105.436468981329	3
3	5146	106.04611974534	4
3	5153	106.436468981329	3
3	5187	106.94012114802	4
3	5202	107.436468981329	3
3	5224	107.912132039082	4
3	5242	108.436468981329	3
3	5288	109.436468981329	2
3	5298	109.63120135087	3
3	5324	110.139420804923	4
3	5327	110.204186497713	5
3	5334	110.436468981329	4
3	5383	111.436468981329	3
3	5420	112.436468981329	2
3	5465	112.964790953396	3
3	5478	113.436468981329	2
3	5524	114.436468981329	1
3	5549	114.831431423577	2
3	5581	115.102155814314	3
3	5588	115.436468981329	2
3	5601	115.841075834253	3
3	5646	116.436468981329	2
3	5681	116.89041800018	3
3	5706	117.170993926357	4
3	5713	117.436468981329	3
3	5759	118.436468981329	2
3	5793	119.436468981329	1
3	5842	120.436468981329	0
3	5904	121.811273922307	1
3	5905	121.811273922307	0
3	5944	122.53965149534	1
3	5948	122.811273922307	0
3	5980	123.097978284605	1
3	5997	123.811273922307	0
3	6035	124.438254246585	1
3	6042	124.48535351764	2
3	6052	124.811273922307	1
3	6092	125.811273922307	0
3	6098	125.827373258823	1
3	6124	126.308251483126	2
3	6132	126.811273922307	1
3	6168	127.502741426634	2
3	6174	127.631779929818	3
3	6178	127.811273922307	2
3	6196	127.908252646361	3
3	6213	128.167364902243	4
3	6221	128.811273922307	3
3	6267	129.811273922307	2
3	6307	130.811273922307	1
3	6339	131.182333174429	2
3	6355	131.658848995402	3
3	6362	131.811273922307	2
3	6417	132.811273922307	1
3	6449	133.04030807525	2
3	6468	133.738245624081	3
3	6469	133.811273922307	2
3	6505	134.53346782539	3
3	6518	134.811273922307	2
3	6558	135.811273922307	1
3	6604	136.811273922307	0
3	6645	137.350379555355	1
3	6652	137.491124710784	2
3	6656	137.811273922307	1
3	6688	137.966464380426	2
3	6714	138.811273922307	1
3	6754	139.811273922307	0
3	6823	141.191780464143	1
3	6824	141.191780464143	0
3	6837	141.508757844029	1
3	6879	142.191780464143	0
3	7015	145.017821395033	1
3	7016	145.017821395033	0
3	7101	147.218150715477	1
3	7102	147.218150715477	0
3	7154	148.457848796093	1
3	7155	148.457848796093	0
3	7271	150.57175561074	1
3	7272	150.57175561074	0
3	7313	151.092534475611	1
3	7316	151.101082494256	2
3	7328	151.428292875582	3
3	7338	151.55125544247	4
3	7339	151.57175561074	3
3	7374	152.411970149984	4
3	7382	152.57175561074	3
3	7433	153.526581152983	4
3	7434	153.57175561074	3
3	7474	154.57175561074	2
3	7511	155.57175561074	1
3	7554	156.57175561074	0
3	7595	157.10508287882	1
3	7609	157.57175561074	0
3	7625	157.886967301924	1
3	7661	158.57175561074	0
3	7706	159.53032053713	1
3	7707	159.57175561074	0
3	7749	160.49482029889	1
3	7750	160.57175561074	0
3	7782	161.28150341435	1
3	7787	161.57175561074	0
3	7819	161.980106981296	1
3	7836	162.57175561074	0
3	7842	162.761275771284	1
3	7888	163.57175561074	0
3	7936	164.532629090604	1
3	7937	164.57175561074	0
3	7956	164.889345343277	1
3	7980	165.57175561074	0
3	8064	167.063578250411	1
3	8065	167.063578250411	0
3	8071	167.143148405504	1
3	8120	168.063578250411	0
3	8132	168.335400647586	1
3	8142	168.539186029795	2
3	8172	169.063578250411	1
3	8178	169.10969201787	2
3	8212	170.063578250411	1
3	8224	170.365687616643	2
3	8227	170.368791973452	3
3	8246	170.818505341398	4
3	8249	170.823708474205	5
3	8279	171.063578250411	4
3	8328	172.063578250411	3
3	8368	173.063578250411	2
3	8408	174.063578250411	1
3	8436	174.712353196975	2
3	8460	175.063578250411	1
3	8469	175.277608478286	2
3	8475	175.420831749767	3
3	8485	175.522647391744	4
3	8503	175.943315064144	5
3	8515	176.063578250411	4
3	8531	176.837420952269	5
3	8561	177.063578250411	4
3	8570	177.343684919351	5
3	8598	177.938150936049	6
3	8607	178.063578250411	5
3	8649	179.053017790119	6
3	8650	179.063578250411	5
3	8681	180.063578250411	4
3	8718	181.063578250411	3
3	8727	181.258418593921	4
3	8746	181.667136248155	5
3	8749	181.689063628845	6
3	8781	181.966005854173	7
3	8782	182.063578250411	6
3	8804	182.704142596721	7
3	8831	183.063578250411	6
3	8843	183.27203028984	7
3	8877	184.063578250411	6
3	8886	184.162884091731	7
3	8892	184.216821048149	8
3	8917	185.063578250411	7
3	8923	185.123684155455	8
3	8957	186.063578250411	7
3	9006	187.063578250411	6
3	9058	188.063578250411	5
3	9113	189.063578250411	4
3	9119	189.223618448125	5
3	9138	189.859668919249	6
3	9168	190.063578250411	5
3	9178	190.569739264905	6
3	9184	190.675053684107	7
3	9187	190.715511639768	8
3	9193	190.840299162127	9
3	9214	191.063578250411	8
3	9223	191.156726553315	9
3	9233	191.673893480386	10
3	9266	192.063578250411	9
3	9272	192.184406056322	10
3	9309	193.063578250411	9
3	9370	194.063578250411	8
3	9376	194.127606612649	9
3	9413	195.063578250411	8
3	9425	195.241721349115	9
3	9441	195.760975073996	10
3	9471	196.063578250411	9
3	9477	196.148172541237	10
3	9526	197.063578250411	9
3	9541	197.48474095856	10
3	9551	197.593772822182	11
3	9584	198.063578250411	10
3	9621	199.063578250411	9
3	9637	199.612436582109	10
4	33	1.485228163722	1.0001
4	61	2.485228163722	1.941715330907
4	121	3.485228163722	3.132069024584
4	167	4.485228163722	3.586667775238
4	204	5.485228163722	1.626803050979
4	244	6.485228163722	3.908544602548
4	293	7.485228163722	3.475572197314
4	354	8.485228163722	7.268311634396
4	409	9.485228163722	7.618865286145
4	461	10.485228163722	4.435257939372
4	510	11.485228163722	4.700293518182
4	560	12.485228163722	9.866191172832
4	612	13.485228163722	5.678861643833
4	664	14.485228163722	9.310290516699
4	713	15.485228163722	7.143295923605
4	765	16.485228163722	14.625623951647
4	817	17.485228163722	7.808005738981
4	860	18.485228163722	11.696288441806
4	894	19.485228163722	17.533682827838
4	949	20.485228163722	12.823967246764
4	998	21.485228163722	8.930090717703
4	1050	22.485228163722	18.057821908557
4	1090	23.485228163722	9.994029157932
4	1142	24.485228163722	16.086139955008
4	1194	25.485228163722	21.953412751322
4	1234	26.485228163722	17.477057531825
4	1304	27.485228163722	10.801082515878
4	1350	28.485228163722	25.694249974938
4	1399	29.485228163722	19.515676592759
4	1442	30.485228163722	27.620564619473
4	1488	31.485228163722	11.813892624026
4	1531	32.485228163722	12.756565697602
4	1580	33.485228163722	22.370537638059
4	1617	34.485228163722	14.156618810961
4	1669	35.485228163722	15.136428682815
4	1727	36.485228163722	16.096452383757
4	1782	37.485228163722	35.606264109519
4	1834	38.485228163722	17.51357399489
4	1892	39.485228163722	18.06815453297
4	1929	40.485228163722	28.271625170508
4	1984	41.485228163722	19.412508248606
4	2027	42.485228163722	30.035418464425
4	2073	43.485228163722	30.656456500142
4	2113	44.485228163722	19.908596465521
4	2168	45.485228163722	37.212600039415
4	2217	46.485228163722	21.583256049992
4	2257	47.485228163722	22.573855299328
4	2300	48.485228163722	35.263343942838
4	2362	49.485228163722	23.473009389237
4	2405	50.485228163722	42.006396757385
4	2457	51.485228163722	23.63172691775
4	2509	52.485228163722	43.762348266648
4	2549	53.485228163722	44.617070239356
4	2592	54.485228163722	45.598101670155
4	2644	55.485228163722	37.808847096662
4	2699	56.485228163722	25.356583740035
4	2748	57.485228163722	50.803242822646
4	2797	58.485228163722	25.899765181471
4	2843	59.485228163722	50.206330859478
4	2885	60.485228163722	27.524026339064
4	2934	61.485228163722	41.989028177378
4	2974	62.485228163722	52.954888927403
4	3027	63.485228163722	43.276444584045
4	3076	64.485228163722	28.159655886013
4	3119	65.485228163722	58.677368413208
4	3168	66.485228163722	29.197280830242
4	3220	67.485228163722	45.932199311893
4	3275	68.485228163722	30.353392357651
4	3327	69.485228163722	59.466331878095
4	3379	70.485228163722	31.297542748991
4	3440	71.485228163722	31.995976835768
4	3492	72.485228163722	49.765325785344
4	3544	73.485228163722	33.225899976222
4	3593	74.485228163722	33.631826477898
4	3642	75.485228163722	64.868585801277
4	3688	76.485228163722	52.929228253374
4	3737	77.485228163722	74.20898662323
4	3771	78.485228163722	35.112544347815
4	3805	79.485228163722	55.217980316157
4	3851	80.485228163722	68.67247800182
4	3897	81.485228163722	36.110557852289
4	3944	82.485228163722	57.360084675083
4	3984	83.485228163722	36.830223648477
4	4035	84.485228163722	59.218753961522
4	4083	85.485228163722	38.383970827958
4	4123	86.485228163722	79.522638732708
4	4160	87.485228163722	61.176973307343
4	4206	88.485228163722	61.869455583581
4	4267	89.485228163722	39.499359075856
4	4319	90.485228163722	39.591395048531
4	4365	91.485228163722	78.561880556133
4	4426	92.485228163722	40.898195278993
4	4478	93.485228163722	41.626527208651
4	4545	94.485228163722	67.06465818378
4	4582	95.485228163722	67.749936522925
4	4646	96.485228163722	88.751804074241
4	4701	97.485228163722	69.40958978469
4	4753	98.485228163722	70.123568812182
4	4802	99.485228163722	42.747394320657
4	4860	100.485228163722	86.717452762605
4	4921	101.485228163722	72.265175844353
4	4967	102.485228163722	43.618724226126
4	5004	103.485228163722	74.012755851462
4	5056	104.485228163722	45.014143007791
4	5108	105.485228163722	97.639857913608
4	5163	106.485228163722	45.7599397377
4	5209	107.485228163722	46.612343704809
4	5249	108.485228163722	94.483151243829
4	5295	109.485228163722	77.791248952988
4	5341	110.485228163722	48.191960249224
4	5390	111.485228163722	48.799387221036
4	5427	112.485228163722	98.307237698403
4	5485	113.485228163722	81.260526456371
4	5534	114.485228163722	50.021243884202
4	5595	115.485228163722	114.50822173733
4	5653	116.485228163722	50.858130600777
4	5720	117.485228163722	108.99816321158
4	5766	118.485228163722	52.56517914229
4	5800	119.485228163722	53.188749790769
4	5852	120.485228163722	86.131027060303
4	5895	121.485228163722	54.45852212553
4	5941	122.485228163722	55.225997107145
4	5987	123.485228163722	120.9523815423
4	6039	124.485228163722	55.915024738985
4	6088	125.485228163722	56.789992149062
4	6128	126.485228163722	91.369159289007
4	6165	127.485228163722	57.666531649514
4	6217	128.485228163722	119.15782850596
4	6260	129.485228163722	58.833153408868
4	6303	130.485228163722	94.404705723513
4	6349	131.485228163722	126.42149895979
4	6407	132.485228163722	60.552729054889
4	6462	133.485228163722	61.465620471631
4	6502	134.485228163722	97.145662206249
4	6557	135.485228163722	62.08230400548
4	6600	136.485228163722	98.708634192475
4	6649	137.485228163722	62.951385526291
4	6701	138.485228163722	63.620475645115
4	6750	139.485228163722	101.67443077412
4	6793	140.485228163722	64.737595100158
4	6834	141.485228163722	121.94713734816
4	6889	142.485228163722	103.61542138874
4	6938	143.485228163722	133.1982805286
4	6977	144.485228163722	105.15724850478
4	7029	145.485228163722	65.94357131707
4	7066	146.485228163722	140.77978978711
4	7112	147.485228163722	66.710690854039
4	7159	148.485228163722	67.697365609211
4	7211	149.485228163722	138.2487859451
4	7265	150.485228163722	109.51635092685
4	7332	151.485228163722	109.88288830913
4	7381	152.485228163722	151.02461963238
4	7430	153.485228163722	69.037708278446
4	7473	154.485228163722	131.18521006366
4	7510	155.485228163722	70.524993635816
4	7553	156.485228163722	112.85697949203
4	7608	157.485228163722	145.18995181361
4	7660	158.485228163722	71.543103294707
4	7700	159.485228163722	146.74654778499
4	7746	160.485228163722	72.055673540367
4	7786	161.485228163722	72.791403076231
4	7835	162.485228163722	73.73649570368
4	7881	163.485228163722	118.2102603907
4	7930	164.485228163722	118.66540326255
4	7979	165.485228163722	75.443347844884
4	8028	166.485228163722	141.18196954115
4	8081	167.485228163722	76.328460422977
4	8139	168.485228163722	162.16086032749
4	8182	169.485228163722	76.933591331714
4	8240	170.485228163722	143.92203573104
4	8292	171.485228163722	78.264288459728
4	8338	172.485228163722	159.29444572477
4	8387	173.485228163722	79.074792208393
4	8427	174.485228163722	79.843371236438
4	8479	175.485228163722	125.95544267065
4	8525	176.485228163722	149.03890668908
4	8577	177.485228163722	81.335156004811
4	8617	178.485228163722	175.45350953328
4	8657	179.485228163722	150.71014881533
4	8697	180.485228163722	82.109072015369
4	8734	181.485228163722	82.917775969471
4	8798	182.485228163722	130.07089838224
4	8850	183.485228163722	83.880530875368
4	8896	184.485228163722	84.706335714994
4	8930	185.485228163722	171.2885747196
4	8970	186.485228163722	86.551050129489
4	9019	187.485228163722	157.86092800377
4	9071	188.485228163722	87.40725475037
4	9135	189.485228163722	135.07372641475
4	9175	190.485228163722	88.542316640941
4	9227	191.485228163722	184.02492138578
4	9279	192.485228163722	89.254354665865
4	9328	193.485228163722	89.745152178999
4	9380	194.485228163722	139.56586129206
4	9432	195.485228163722	139.96418230554
4	9487	196.485228163722	91.54243839517
4	9545	197.485228163722	167.26830397631
4	9594	198.485228163722	92.085878183594
4	9634	199.485228163722	184.2298320045
5	36	1.859604212075	1
5	37	1.859604212075	0
5	96	2.951645335884	1
5	97	2.951645335884	0
5	124	3.5318154124	1
5	145	3.951645335884	0
5	147	3.951645335884	1
5	182	4.951645335884	0
5	184	4.951645335884	1
5	222	5.951645335884	0
5	224	5.951645335884	1
5	247	6.681985341076	2
5	259	6.807859750514	3
5	274	6.951645335884	2
5	276	6.951645335884	3
5	282	6.962589431014	4
5	302	7.733424089481	5
5	308	7.845370250114	6
5	323	7.951645335884	5
5	325	7.951645335884	6
5	357	8.487064952145	7
5	381	8.951645335884	6
5	383	8.951645335884	7
5	405	9.327399657757	8
5	433	9.951645335884	7
5	435	9.951645335884	8
5	454	10.286947635125	9
5	485	10.951645335884	8
5	487	10.951645335884	9
5	506	11.236442218622	10
5	528	11.951645335884	9
5	530	11.951645335884	10
5	547	12.29527635011	11
5	566	12.738680378731	12
5	590	12.951645335884	11
5	592	12.951645335884	12
5	605	13.190782438956	13
5	642	13.951645335884	12
5	644	13.951645335884	13
5	660	14.196653444123	14
5	688	14.951645335884	13
5	690	14.951645335884	14
5	703	15.255396159217	15
5	737	15.89917716082	16
5	743	15.951645335884	15
5	745	15.951645335884	16
5	789	16.951645335884	15
5	791	16.951645335884	16
5	800	17.022345462353	17
5	838	17.951645335884	16
5	840	17.951645335884	17
5	863	18.74267712007	18
5	878	18.951645335884	17
5	880	18.951645335884	18
5	924	19.951645335884	17
5	926	19.951645335884	18
5	955	20.847998420862	19
5	970	20.951645335884	18
5	972	20.951645335884	19
5	1022	21.951645335884	18
5	1024	21.951645335884	19
5	1071	22.951645335884	18
5	1073	22.951645335884	19
5	1117	23.951645335884	18
5	1119	23.951645335884	19
5	1148	24.739568543707	20
5	1169	24.951645335884	19
5	1171	24.951645335884	20
5	1181	25.123128757806	21
5	1209	25.951645335884	20
5	1211	25.951645335884	21
5	1267	26.951645335884	20
5	1269	26.951645335884	21
5	1275	26.970456408808	22
5	1297	27.432187304852	23
5	1325	27.951645335884	22
5	1327	27.951645335884	23
5	1359	28.648695958289	24
5	1377	28.951645335884	23
5	1379	28.951645335884	24
5	1423	29.951645335884	23
5	1425	29.951645335884	24
5	1463	30.91242953415	25
5	1466	30.951645335884	24
5	1468	30.951645335884	25
5	1474	31.035956181512	26
5	1484	31.388976314786	27
5	1506	31.951645335884	26
5	1508	31.951645335884	27
5	1555	32.951645335884	26
5	1557	32.951645335884	27
5	1566	33.069898519332	28
5	1595	33.951645335884	27
5	1597	33.951645335884	28
5	1610	34.249281452977	29
5	1641	34.945080913877	30
5	1644	34.951645335884	29
5	1646	34.951645335884	30
5	1665	35.447391712138	31
5	1693	35.951645335884	30
5	1695	35.951645335884	31
5	1704	36.091496420461	32
5	1748	36.951645335884	31
5	1750	36.951645335884	32
5	1763	37.170816619117	33
5	1769	37.279363717612	34
5	1778	37.376286472189	35
5	1812	37.951645335884	34
5	1814	37.951645335884	35
5	1827	38.270015550495	36
5	1840	38.657145642644	37
5	1867	38.951645335884	36
5	1869	38.951645335884	37
5	1913	39.951645335884	36
5	1915	39.951645335884	37
5	1953	40.925779635336	38
5	1959	40.951645335884	37
5	1961	40.951645335884	38
5	1980	41.36012529128	39
5	1987	41.521995377992	40
5	2005	41.951645335884	39
5	2007	41.951645335884	40
5	2042	42.951645335884	39
5	2044	42.951645335884	40
5	2079	43.872172667743	41
5	2094	43.951645335884	40
5	2096	43.951645335884	41
5	2109	44.40217554588	42
5	2116	44.552966556074	43
5	2143	44.951645335884	42
5	2145	44.951645335884	43
5	2151	45.075836586162	44
5	2171	45.543109152572	45
5	2174	45.595021704755	46
5	2195	45.951645335884	45
5	2197	45.951645335884	46
5	2241	46.951645335884	45
5	2243	46.951645335884	46
5	2260	47.607794440961	47
5	2275	47.951645335884	46
5	2277	47.951645335884	47
5	2318	48.917092804984	48
5	2324	48.951645335884	47
5	2326	48.951645335884	48
5	2351	49.331071727657	49
5	2368	49.5845774328	50
5	2389	49.951645335884	49
5	2391	49.951645335884	50
5	2435	50.951645335884	49
5	2437	50.951645335884	50
5	2484	51.951645335884	49
5	2486	51.951645335884	50
5	2492	52.216796295349	51
5	2527	52.951645335884	50
5	2529	52.951645335884	51
5	2538	53.168626002891	52
5	2570	53.951645335884	51
5	2572	53.951645335884	52
5	2588	54.478411374253	53
5	2604	54.713935947672	54
5	2631	54.951645335884	53
5	2633	54.951645335884	54
5	2671	55.951645335884	53
5	2673	55.951645335884	54
5	2726	56.951645335884	53
5	2728	56.951645335884	54
5	2751	57.603011539571	55
5	2772	57.951645335884	54
5	2774	57.951645335884	55
5	2793	58.384987260447	56
5	2815	58.951645335884	55
5	2817	58.951645335884	56
5	2826	59.036217992365	57
5	2849	59.805337793461	58
5	2864	59.951645335884	57
5	2866	59.951645335884	58
5	2881	60.439267812855	59
5	2919	60.951645335884	58
5	2921	60.951645335884	59
5	2959	61.951645335884	58
5	2961	61.951645335884	59
5	2987	62.808185983692	60
5	3008	62.951645335884	59
5	3010	62.951645335884	60
5	3033	63.799690276589	61
5	3051	63.951645335884	60
5	3053	63.951645335884	61
5	3097	64.951645335884	60
5	3099	64.951645335884	61
5	3146	65.951645335884	60
5	3148	65.951645335884	61
5	3154	65.965453957464	62
5	3161	66.2053774769	63
5	3192	66.951645335884	62
5	3194	66.951645335884	63
5	3244	67.951645335884	62
5	3246	67.951645335884	63
5	3299	68.951645335884	62
5	3301	68.951645335884	63
5	3317	69.362473018316	64
5	3330	69.554734459158	65
5	3354	69.951645335884	64
5	3356	69.951645335884	65
5	3366	70.059014392409	66
5	3369	70.261473156107	67
5	3382	70.490717481314	68
5	3418	70.951645335884	67
5	3420	70.951645335884	68
5	3433	71.160258072175	69
5	3436	71.257425750542	70
5	3461	71.951645335884	69
5	3463	71.951645335884	70
5	3510	72.951645335884	69
5	3512	72.951645335884	70
5	3559	73.597917711199	71
5	3577	73.951645335884	70
5	3579	73.951645335884	71
5	3617	74.951645335884	70
5	3619	74.951645335884	71
5	3632	75.38790731568	72
5	3638	75.453999326373	73
5	3666	75.951645335884	72
5	3668	75.951645335884	73
5	3678	76.118807075925	74
5	3712	76.951645335884	73
5	3714	76.951645335884	74
5	3752	77.951645335884	73
5	3754	77.951645335884	74
5	3763	78.210363648548	75
5	3786	78.951645335884	74
5	3788	78.951645335884	75
5	3801	79.467600644119	76
5	3826	79.951645335884	75
5	3828	79.951645335884	76
5	3847	80.463064287486	77
5	3854	80.67916050408	78
5	3881	80.951645335884	77
5	3883	80.951645335884	78
5	3900	81.64117243067	79
5	3903	81.801506525157	80
5	3921	81.951645335884	79
5	3923	81.951645335884	80
5	3962	82.951645335884	79
5	3964	82.951645335884	80
5	3974	83.317575454982	81
5	3977	83.321631776303	82
5	4011	83.951645335884	81
5	4013	83.951645335884	82
5	4025	84.341818864258	83
5	4041	84.552352152462	84
5	4047	84.806363530812	85
5	4062	84.909331894531	86
5	4065	84.951645335884	85
5	4067	84.951645335884	86
5	4079	85.430410715616	87
5	4104	85.951645335884	86
5	4106	85.951645335884	87
5	4141	86.951645335884	86
5	4143	86.951645335884	87
5	4184	87.951645335884	86
5	4186	87.951645335884	87
5	4239	88.951645335884	86
5	4241	88.951645335884	87
5	4256	89.0393517206	88
5	4300	89.951645335884	87
5	4302	89.951645335884	88
5	4322	90.511555878594	89
5	4325	90.793079901065	90
5	4340	90.951645335884	89
5	4342	90.951645335884	90
5	4357	91.3589744427	91
5	4395	91.951645335884	90
5	4397	91.951645335884	91
5	4447	92.951645335884	90
5	4449	92.951645335884	91
5	4464	93.12859426591	92
5	4511	93.951645335884	91
5	4513	93.951645335884	92
5	4528	94.27833565366	93
5	4534	94.336863552607	94
5	4566	94.951645335884	93
5	4568	94.951645335884	94
5	4588	95.530876923202	95
5	4600	95.831202003488	96
5	4621	95.951645335884	95
5	4623	95.951645335884	96
5	4661	96.716962649518	97
5	4682	96.951645335884	96
5	4684	96.951645335884	97
5	4719	97.951645335884	96
5	4721	97.951645335884	97
5	4730	97.972856133858	98
5	4739	98.339307425691	99
5	4762	98.874711776784	100
5	4777	98.910714606533	101
5	4780	98.951645335884	100
5	4782	98.951645335884	101
5	4829	99.951645335884	100
5	4831	99.951645335884	101
5	4853	100.441563025476	102
5	4869	100.835620597423	103
5	4887	100.951645335884	102
5	4889	100.951645335884	103
5	4898	101.009819314006	104
5	4951	101.951645335884	103
5	4953	101.951645335884	104
5	4982	102.951645335884	103
5	4984	102.951645335884	104
5	4993	103.353059244099	105
5	5000	103.451178766728	106
5	5034	103.951645335884	105
5	5036	103.951645335884	106
5	5086	104.951645335884	105
5	5088	104.951645335884	106
5	5117	105.795048407527	107
5	5138	105.951645335884	106
5	5140	105.951645335884	107
5	5149	106.060141508934	108
5	5190	106.951645335884	107
5	5192	106.951645335884	108
5	5227	107.951645335884	107
5	5229	107.951645335884	108
5	5267	108.951645335884	107
5	5269	108.951645335884	108
5	5275	109.133216731719	109
5	5278	109.222049114374	110
5	5287	109.395705677582	111
5	5313	109.951645335884	110
5	5315	109.951645335884	111
5	5333	110.39975685146	112
5	5368	110.951645335884	111
5	5370	110.951645335884	112
5	5376	110.992838448785	113
5	5379	111.026710304027	114
5	5382	111.393415457821	115
5	5405	111.951645335884	114
5	5407	111.951645335884	115
5	5454	112.951645335884	114
5	5456	112.951645335884	115
5	5512	113.951645335884	114
5	5514	113.951645335884	115
5	5540	114.587177330503	116
5	5567	114.951645335884	115
5	5569	114.951645335884	116
5	5575	114.982742930898	117
5	5625	115.951645335884	116
5	5627	115.951645335884	117
5	5671	116.812285086757	118
5	5692	116.951645335884	117
5	5694	116.951645335884	118
5	5747	117.951645335884	117
5	5749	117.951645335884	118
5	5784	118.951645335884	117
5	5786	118.951645335884	118
5	5827	119.951645335884	117
5	5829	119.951645335884	118
5	5861	120.809848563477	119
5	5876	120.951645335884	118
5	5878	120.951645335884	119
5	5887	121.28906125796	120
5	5926	121.951645335884	119
5	5928	121.951645335884	120
5	5934	122.29399456702	121
5	5966	122.951645335884	120
5	5968	122.951645335884	121
5	5977	122.982508455064	122
5	6015	123.951645335884	121
5	6017	123.951645335884	122
5	6029	124.208640667298	123
5	6073	124.951645335884	122
5	6075	124.951645335884	123
5	6116	125.951645335884	122
5	6118	125.951645335884	123
5	6131	126.798466812795	124
5	6153	126.951645335884	123
5	6155	126.951645335884	124
5	6199	127.951645335884	123
5	6201	127.951645335884	124
5	6239	128.951645335884	123
5	6241	128.951645335884	124
5	6247	129.151801580868	125
5	6256	129.41761812989	126
5	6288	129.904137269648	127
5	6291	129.951645335884	126
5	6293	129.951645335884	127
5	6299	130.024968665911	128
5	6325	130.951645335884	127
5	6327	130.951645335884	128
5	6383	131.951645335884	127
5	6385	131.951645335884	128
5	6397	132.159671060452	129
5	6413	132.756220977329	130
5	6441	132.951645335884	129
5	6443	132.951645335884	130
5	6490	133.951645335884	129
5	6492	133.951645335884	130
5	6508	134.583747245146	131
5	6536	134.951645335884	130
5	6538	134.951645335884	131
5	6547	135.012659080918	132
5	6576	135.951645335884	131
5	6578	135.951645335884	132
5	6625	136.951645335884	131
5	6627	136.951645335884	132
5	6680	137.951645335884	131
5	6682	137.951645335884	132
5	6697	138.453603128503	133
5	6732	138.951645335884	132
5	6734	138.951645335884	133
5	6772	139.951645335884	132
5	6774	139.951645335884	133
5	6815	140.951645335884	132
5	6817	140.951645335884	133
5	6856	141.889226520981	134
5	6867	141.951645335884	133
5	6869	141.951645335884	134
5	6895	142.594175842357	135
5	6913	142.951645335884	134
5	6915	142.951645335884	135
5	6956	143.951645335884	134
5	6958	143.951645335884	135
5	6989	144.846668712428	136
5	7007	144.951645335884	135
5	7009	144.951645335884	136
5	7019	145.247050243887	137
5	7022	145.357566120489	138
5	7047	145.951645335884	137
5	7049	145.951645335884	138
5	7059	146.0759319557	139
5	7093	146.951645335884	138
5	7095	146.951645335884	139
5	7108	147.423380779391	140
5	7115	147.652697951028	141
5	7139	147.951645335884	140
5	7141	147.951645335884	141
5	7165	148.783155149342	142
5	7186	148.951645335884	141
5	7188	148.951645335884	142
5	7214	149.56771184626	143
5	7238	149.923877627824	144
5	7241	149.94871083557	145
5	7244	149.951645335884	144
5	7246	149.951645335884	145
5	7275	150.70487708336	146
5	7284	150.871672841482	147
5	7302	150.951645335884	146
5	7304	150.951645335884	147
5	7322	151.291152164951	148
5	7335	151.526558031456	149
5	7345	151.631270304885	150
5	7363	151.951645335884	149
5	7365	151.951645335884	150
5	7371	151.973444996501	151
5	7388	152.747961784436	152
5	7406	152.951645335884	151
5	7408	152.951645335884	152
5	7458	153.951645335884	151
5	7460	153.951645335884	152
5	7501	154.951645335884	151
5	7503	154.951645335884	152
5	7520	155.721170123918	153
5	7541	155.951645335884	152
5	7543	155.951645335884	153
5	7584	156.951645335884	152
5	7586	156.951645335884	153
5	7604	157.401452523999	154
5	7636	157.951645335884	153
5	7638	157.951645335884	154
5	7647	158.135322491022	155
5	7667	158.753374868162	156
5	7685	158.951645335884	155
5	7687	158.951645335884	156
5	7703	159.527988604518	157
5	7728	159.951645335884	156
5	7730	159.951645335884	157
5	7771	160.951645335884	156
5	7773	160.951645335884	157
5	7796	161.649143061364	158
5	7811	161.951645335884	157
5	7813	161.951645335884	158
5	7863	162.951645335884	157
5	7865	162.951645335884	158
5	7912	163.951645335884	157
5	7914	163.951645335884	158
5	7920	164.204660778028	159
5	7946	164.697539546395	160
5	7949	164.872449806491	161
5	7967	164.951645335884	160
5	7969	164.951645335884	161
5	7986	165.74020494943	162
5	8004	165.951645335884	161
5	8006	165.951645335884	162
5	8021	166.331507734999	163
5	8031	166.489179787828	164
5	8042	166.898097317075	165
5	8053	166.951645335884	164
5	8055	166.951645335884	165
5	8077	167.478386905058	166
5	8093	167.762606648586	167
5	8096	167.824422797234	168
5	8111	167.951645335884	167
5	8113	167.951645335884	168
5	8145	168.553429518615	169
5	8163	168.951645335884	168
5	8165	168.951645335884	169
5	8206	169.951645335884	168
5	8208	169.951645335884	169
5	8252	170.836823553034	170
5	8267	170.951645335884	169
5	8269	170.951645335884	170
5	8322	171.951645335884	169
5	8324	171.951645335884	170
5	8362	172.951645335884	169
5	8364	172.951645335884	170
5	8402	173.951645335884	169
5	8404	173.951645335884	170
5	8423	174.350802375985	171
5	8451	174.951645335884	170
5	8453	174.951645335884	171
5	8459	174.960564548843	172
5	8506	175.951645335884	171
5	8508	175.951645335884	172
5	8552	176.951645335884	171
5	8554	176.951645335884	172
5	8601	177.951645335884	171
5	8603	177.951645335884	172
5	8613	178.483715890072	173
5	8638	178.951645335884	172
5	8640	178.951645335884	173
5	8675	179.951645335884	172
5	8677	179.951645335884	173
5	8687	180.160650623064	174
5	8712	180.951645335884	173
5	8714	180.951645335884	174
5	8740	181.60695819522	175
5	8773	181.951645335884	174
5	8775	181.951645335884	175
5	8822	182.951645335884	174
5	8824	182.951645335884	175
5	8830	183.056280064696	176
5	8846	183.449497351687	177
5	8868	183.951645335884	176
5	8870	183.951645335884	177
5	8911	184.951645335884	176
5	8913	184.951645335884	177
5	8948	185.951645335884	176
5	8950	185.951645335884	177
5	8963	186.205710429165	178
5	8976	186.684287000235	179
5	9000	186.951645335884	178
5	9002	186.951645335884	179
5	9049	187.951645335884	178
5	9051	187.951645335884	179
5	9064	188.132433124185	180
5	9074	188.614412333745	181
5	9077	188.715961104326	182
5	9101	188.901117157812	183
5	9104	188.951645335884	182
5	9106	188.951645335884	183
5	9112	188.96143518159	184
5	9122	189.277672287432	185
5	9153	189.918587710628	186
5	9156	189.951645335884	185
5	9158	189.951645335884	186
5	9208	190.951645335884	185
5	9210	190.951645335884	186
5	9257	191.951645335884	185
5	9259	191.951645335884	186
5	9303	192.951645335884	185
5	9305	192.951645335884	186
5	9337	193.828728480282	187
5	9355	193.901344538388	188
5	9361	193.951645335884	187
5	9363	193.951645335884	188
5	9404	194.951645335884	187
5	9406	194.951645335884	188
5	9435	195.629603911356	189
5	9459	195.951645335884	188
5	9461	195.951645335884	189
5	9480	196.149425856236	190
5	9493	196.659685006594	191
5	9517	196.951645335884	190
5	9519	196.951645335884	191
5	9548	197.59187174716	192
5	9566	197.951645335884	191
5	9568	197.951645335884	192
5	9597	198.737949782224	193
5	9615	198.951645335884	192
5	9617	198.951645335884	193
5	9627	199.255873227295	194
5	9652	199.951645335884	193
5	9654	199.951645335884	194
5	9660	199.998596976994	195
6	43	1.878964054203	1
6	44	1.878964054203	0
6	57	1.977106426393	1
6	64	2.532846621424	2
6	81	2.878964054203	1
6	101	2.977106426393	2
6	108	3.03171863044	3
6	131	3.878964054203	2
6	157	4.029604648964	3
6	160	4.076331138748	4
6	168	4.878964054203	3
6	191	5.029604648964	4
6	208	5.878964054203	3
6	231	6.029604648964	4
6	237	6.11722335466	5
6	260	6.878964054203	4
6	286	7.029604648964	5
6	296	7.63375932865	6
6	309	7.878964054203	5
6	335	8.029604648964	6
6	364	8.878964054203	5
6	393	9.029604648964	6
6	396	9.055124008744	7
6	399	9.21726049819	8
6	419	9.878964054203	7
6	448	10.029604648964	8
6	451	10.164257175365	9
6	464	10.609775670416	10
6	468	10.878964054203	9
6	494	11.029604648964	10
6	514	11.878964054203	9
6	537	12.029604648964	10
6	570	12.878964054203	9
6	587	12.93612673211	10
6	598	12.975309888523	11
6	602	13.111139470784	12
6	618	13.55263419933	13
6	621	13.660269307486	14
6	628	13.878964054203	13
6	654	14.111139470784	14
6	670	14.718095720838	15
6	674	14.878964054203	14
6	696	15.010176254105	15
6	700	15.111139470784	16
6	716	15.638117835096	17
6	722	15.811245291242	18
6	723	15.878964054203	17
6	740	15.928200701034	18
6	755	16.111139470784	19
6	775	16.878964054203	18
6	797	16.996272898184	19
6	804	17.111139470784	20
6	821	17.878964054203	19
6	846	18.082542279062	20
6	850	18.111139470784	21
6	853	18.183577054371	22
6	864	18.878964054203	21
6	890	19.111139470784	22
6	910	19.878964054203	21
6	933	20.111139470784	22
6	956	20.878964054203	21
6	988	21.111139470784	22
6	1007	21.757165426715	23
6	1008	21.878964054203	22
6	1040	22.111139470784	23
6	1057	22.878964054203	22
6	1080	23.111139470784	23
6	1100	23.878964054203	22
6	1106	23.881402623717	23
6	1125	23.980052932135	24
6	1129	24.111139470784	25
6	1149	24.878964054203	24
6	1178	25.111139470784	25
6	1195	25.878964054203	24
6	1221	26.111139470784	25
6	1237	26.520357440094	26
6	1253	26.878964054203	25
6	1278	27.027557563351	26
6	1281	27.032264103843	27
6	1288	27.111139470784	28
6	1291	27.190605610074	29
6	1311	27.878964054203	28
6	1333	28.033688642222	29
6	1340	28.111139470784	30
6	1353	28.601592795702	31
6	1363	28.878964054203	30
6	1385	29.10593660229	31
6	1389	29.111139470784	32
6	1409	29.878964054203	31
6	1432	30.111139470784	32
6	1435	30.124595332309	33
6	1445	30.720974726639	34
6	1449	30.878964054203	33
6	1478	31.111139470784	34
6	1492	31.878964054203	33
6	1521	32.111139470784	34
6	1541	32.878964054203	33
6	1570	33.111139470784	34
6	1581	33.878964054203	33
6	1607	34.111139470784	34
6	1620	34.563981309883	35
6	1624	34.878964054203	34
6	1656	35.111139470784	35
6	1676	35.878964054203	34
6	1708	36.111139470784	35
6	1734	36.878964054203	34
6	1760	37.111139470784	35
6	1788	37.689449667541	36
6	1798	37.878964054203	35
6	1821	38.111139470784	36
6	1837	38.543529403184	37
6	1843	38.793610898162	38
6	1850	38.878964054203	37
6	1864	38.945904523416	38
6	1882	39.111139470784	39
6	1898	39.518366074844	40
6	1899	39.878964054203	39
6	1922	40.111139470784	40
6	1932	40.735385570181	41
6	1935	40.84099821381	42
6	1939	40.878964054203	41
6	1956	40.94588004941	42
6	1971	41.111139470784	43
6	1991	41.878964054203	42
6	2014	42.111139470784	43
6	2017	42.198487574322	44
6	2020	42.236770487207	45
6	2023	42.414096062352	46
6	2028	42.878964054203	45
6	2051	43.111139470784	46
6	2057	43.124013989576	47
6	2066	43.306552591459	48
6	2080	43.878964054203	47
6	2106	44.111139470784	48
6	2123	44.878964054203	47
6	2155	45.111139470784	48
6	2158	45.190481478045	49
6	2177	45.794780549893	50
6	2181	45.878964054203	49
6	2207	46.111139470784	50
6	2213	46.249692394685	51
6	2220	46.512021703851	52
6	2223	46.523804935769	53
6	2227	46.878964054203	52
6	2253	47.111139470784	53
6	2261	47.878964054203	52
6	2287	47.971599017757	53
6	2293	48.159893992976	54
6	2301	48.878964054203	53
6	2307	48.896025092963	54
6	2332	48.951895145852	55
6	2336	48.965470400509	56
6	2342	49.149724653311	57
6	2354	49.337243604514	58
6	2375	49.878964054203	57
6	2401	50.35176175253	58
6	2415	50.878964054203	57
6	2450	51.35176175253	58
6	2453	51.413274664957	59
6	2464	51.878964054203	58
6	2502	52.35176175253	59
6	2512	52.614245571499	60
6	2513	52.878964054203	59
6	2542	53.35176175253	60
6	2552	53.505624148409	61
6	2553	53.878964054203	60
6	2559	53.879510644312	61
6	2579	54.35176175253	62
6	2601	54.687490697711	63
6	2611	54.878964054203	62
6	2628	54.93434996651	63
6	2640	55.35176175253	64
6	2650	55.608594536146	65
6	2656	55.866607300086	66
6	2657	55.878964054203	65
6	2679	56.160114952009	66
6	2685	56.249269242004	67
6	2691	56.30734160412	68
6	2695	56.35176175253	69
6	2712	56.878964054203	68
6	2734	56.97645532781	69
6	2741	57.35176175253	70
6	2744	57.450871618143	71
6	2754	57.648839353477	72
6	2757	57.67382770679	73
6	2758	57.878964054203	72
6	2790	58.35176175253	73
6	2801	58.878964054203	72
6	2833	59.35176175253	73
6	2846	59.60218784367	74
6	2850	59.878964054203	73
6	2902	60.878964054203	72
6	2941	61.600112037026	73
6	2945	61.878964054203	72
6	2978	62.600112037026	73
6	2994	62.878964054203	72
6	3037	63.878964054203	71
6	3066	64.039280226315	72
6	3069	64.241840370044	73
6	3079	64.850884982753	74
6	3080	64.878964054203	73
6	3106	65.039280226315	74
6	3122	65.511388062502	75
6	3129	65.878964054203	74
6	3158	66.039280226315	75
6	3174	66.823896055468	76
6	3177	66.849893800661	77
6	3178	66.878964054203	76
6	3204	67.039280226315	77
6	3230	67.878964054203	76
6	3253	68.039280226315	77
6	3259	68.09324457861	78
6	3265	68.299602572215	79
6	3285	68.878964054203	78
6	3311	69.039280226315	79
6	3337	69.878964054203	78
6	3351	69.947678745376	79
6	3363	70.039280226315	80
6	3404	70.878964054203	79
6	3430	71.039280226315	80
6	3443	71.782942148316	81
6	3444	71.878964054203	80
6	3472	72.028140240958	81
6	3476	72.039280226315	82
6	3495	72.831532003625	83
6	3496	72.878964054203	82
6	3519	73.039280226315	83
6	3525	73.066187852881	84
6	3534	73.404342567725	85
6	3553	73.51002974183	86
6	3556	73.519312766208	87
6	3563	73.878964054203	86
6	3586	74.039280226315	87
6	3599	74.627722520422	88
6	3603	74.878964054203	87
6	3626	75.039280226315	88
6	3651	75.843412993781	89
6	3652	75.878964054203	88
6	3675	76.039280226315	89
6	3698	76.878964054203	88
6	3721	77.039280226315	89
6	3730	77.392424672936	90
6	3738	77.878964054203	89
6	3772	78.878964054203	88
6	3798	79.455573771515	89
6	3812	79.878964054203	88
6	3841	80.374625348409	89
6	3864	80.878964054203	88
6	3890	81.061032534583	89
6	3904	81.878964054203	88
6	3930	82.061032534583	89
6	3937	82.236056991391	90
6	3945	82.878964054203	89
6	3951	82.88685433375	90
6	3971	83.234709555081	91
6	3987	83.574797812211	92
6	3994	83.878964054203	91
6	4019	84.034589129987	92
6	4048	84.878964054203	91
6	4086	85.761222509729	92
6	4087	85.878964054203	91
6	4115	86.182215807778	92
6	4124	86.878964054203	91
6	4156	87.436568981329	92
6	4167	87.878964054203	91
6	4202	88.436568981329	92
6	4209	88.552603388392	93
6	4225	88.878964054203	92
6	4263	89.436568981329	93
6	4283	89.878964054203	92
6	4315	90.436568981329	93
6	4326	90.878964054203	92
6	4354	91.159175190713	93
6	4361	91.436568981329	94
6	4378	91.878964054203	93
6	4403	91.974193521609	94
6	4412	92.270095394857	95
6	4415	92.327061927324	96
6	4422	92.436568981329	97
6	4433	92.878964054203	96
6	4455	92.974236631367	97
6	4474	93.436568981329	98
6	4484	93.587675720959	99
6	4494	93.878964054203	98
6	4508	93.921079059334	99
6	4519	94.120934597255	100
6	4541	94.436568981329	101
6	4551	94.83294266288	102
6	4552	94.878964054203	101
6	4578	95.436568981329	102
6	4607	95.878964054203	101
6	4642	96.436568981329	102
6	4658	96.71206109709	103
6	4664	96.757699146586	104
6	4665	96.878964054203	103
6	4697	97.436568981329	104
6	4705	97.878964054203	103
6	4742	98.366116995672	104
6	4749	98.436568981329	105
6	4763	98.878964054203	104
6	4798	99.436568981329	105
6	4812	99.878964054203	104
6	4850	100.436568981329	105
6	4870	100.878964054203	104
6	4917	101.436568981329	105
6	4924	101.570925825284	106
6	4931	101.878964054203	105
6	4963	102.436568981329	106
6	4968	102.878964054203	105
6	4997	103.436568981329	106
6	5013	103.708347515701	107
6	5020	103.878964054203	106
6	5045	104.349321060965	107
6	5049	104.436568981329	108
6	5069	104.878964054203	107
6	5104	105.436568981329	108
6	5114	105.608962231589	109
6	5121	105.878964054203	108
6	5156	106.436568981329	109
6	5170	106.878964054203	108
6	5205	107.436568981329	109
6	5210	107.878964054203	108
6	5245	108.436568981329	109
6	5252	108.807217208359	110
6	5253	108.878964054203	109
6	5291	109.436568981329	110
6	5299	109.878964054203	109
6	5337	110.436568981329	110
6	5344	110.497452163117	111
6	5350	110.796780545535	112
6	5351	110.878964054203	111
6	5386	111.436568981329	112
6	5391	111.878964054203	111
6	5423	112.436568981329	112
6	5433	112.687509699966	113
6	5437	112.878964054203	112
6	5474	113.184718986309	113
6	5481	113.436568981329	114
6	5495	113.878964054203	113
6	5527	114.436568981329	114
6	5550	114.878964054203	113
6	5591	115.436568981329	114
6	5598	115.833907248539	115
6	5605	115.878964054203	114
6	5645	116.39391562187	115
6	5649	116.436568981329	116
6	5675	116.878964054203	115
6	5716	117.436568981329	116
6	5729	117.868337846654	117
6	5730	117.878964054203	116
6	5762	118.436568981329	117
6	5770	118.878964054203	116
6	5796	119.436568981329	117
6	5806	119.649272521545	118
6	5812	119.716806678422	119
6	5813	119.878964054203	118
6	5845	120.436568981329	119
6	5862	120.878964054203	118
6	5884	121.245745549134	119
6	5891	121.436568981329	120
6	5898	121.528192261092	121
6	5909	121.878964054203	120
6	5947	122.624384822101	121
6	5951	122.811373922307	122
6	5952	122.878964054203	121
6	5974	122.9627309408	122
6	6000	123.811373922307	123
6	6001	123.878964054203	122
6	6048	124.691850578483	123
6	6055	124.811373922307	124
6	6056	124.878964054203	123
6	6084	125.28802246988	124
6	6091	125.585395997788	125
6	6095	125.811373922307	126
6	6102	125.878964054203	125
6	6135	126.811373922307	126
6	6136	126.878964054203	125
6	6181	127.811373922307	126
6	6182	127.878964054203	125
6	6224	128.811373922307	126
6	6225	128.878964054203	125
6	6270	129.811373922307	126
6	6273	129.81841179412	127
6	6274	129.878964054203	126
6	6310	130.811373922307	127
6	6311	130.878964054203	126
6	6336	131.130374875205	127
6	6342	131.272877820856	128
6	6358	131.741673512495	129
6	6365	131.811373922307	130
6	6366	131.878964054203	129
6	6420	132.811373922307	130
6	6424	132.878964054203	129
6	6430	132.88146891916	130
6	6472	133.811373922307	131
6	6473	133.878964054203	130
6	6498	134.222370643751	131
6	6521	134.811373922307	132
6	6522	134.878964054203	131
6	6544	134.95559598243	132
6	6550	135.116738561256	133
6	6553	135.258131673989	134
6	6561	135.811373922307	135
6	6562	135.878964054203	134
6	6607	136.811373922307	135
6	6608	136.878964054203	134
6	6659	137.811373922307	135
6	6663	137.878964054203	134
6	6717	138.811373922307	135
6	6718	138.878964054203	134
6	6757	139.811373922307	135
6	6758	139.878964054203	134
6	6789	140.443261097022	135
6	6797	140.811373922307	136
6	6801	140.878964054203	135
6	6830	141.246397868943	136
6	6843	141.85418263306	137
6	6847	141.878964054203	136
6	6853	141.880010677486	137
6	6882	142.191880464143	138
6	6899	142.878964054203	137
6	6928	143.191880464143	138
6	6942	143.878964054203	137
6	6964	144.069657392044	138
6	6990	144.878964054203	137
6	7030	145.878964054203	136
6	7056	146.017921395033	137
6	7072	146.64877052283	138
6	7076	146.878964054203	137
6	7105	147.40398234059	138
6	7125	147.878964054203	137
6	7151	148.218250715477	138
6	7169	148.878964054203	137
6	7207	149.457948796093	138
6	7217	149.637622191689	139
6	7220	149.645537538195	140
6	7224	149.878964054203	139
6	7255	150.262130626718	140
6	7285	150.878964054203	139
6	7342	151.57185561074	140
6	7346	151.878964054203	139
6	7385	152.57185561074	140
6	7391	152.814607120265	141
6	7392	152.878964054203	140
6	7423	153.307048496642	141
6	7437	153.57185561074	142
6	7441	153.878964054203	141
6	7455	153.913760905886	142
6	7477	154.57185561074	143
6	7487	154.878964054203	142
6	7514	155.57185561074	143
6	7517	155.708434019883	144
6	7524	155.878964054203	143
6	7549	156.289442675342	144
6	7557	156.57185561074	145
6	7567	156.878964054203	144
6	7601	157.335267968128	145
6	7612	157.57185561074	146
6	7619	157.878964054203	145
6	7664	158.57185561074	146
6	7668	158.878964054203	145
6	7710	159.57185561074	146
6	7714	159.878964054203	145
6	7753	160.57185561074	146
6	7757	160.878964054203	145
6	7790	161.57185561074	146
6	7797	161.878964054203	145
6	7822	162.061663164989	146
6	7839	162.57185561074	147
6	7845	162.84119819382	148
6	7849	162.878964054203	147
6	7871	163.179639326637	148
6	7874	163.223566560764	149
6	7891	163.57185561074	150
6	7898	163.878964054203	149
6	7940	164.57185561074	150
6	7950	164.878964054203	149
6	7983	165.57185561074	150
6	7989	165.746584022119	151
6	7990	165.878964054203	150
6	8012	166.018449860693	151
6	8035	166.57185561074	152
6	8036	166.878964054203	151
6	8097	167.878964054203	150
6	8123	168.063678250411	151
6	8135	168.403065203924	152
6	8149	168.878964054203	151
6	8175	169.063678250411	152
6	8191	169.74969249246	153
6	8192	169.878964054203	152
6	8215	170.063678250411	153
6	8221	170.112739646854	154
6	8253	170.878964054203	153
6	8282	171.063678250411	154
6	8308	171.878964054203	153
6	8331	172.063678250411	154
6	8348	172.878964054203	153
6	8371	173.063678250411	154
6	8388	173.878964054203	153
6	8411	174.063678250411	154
6	8437	174.878964054203	153
6	8463	175.063678250411	154
6	8489	175.878964054203	153
6	8518	176.063678250411	154
6	8521	176.308649765576	155
6	8535	176.878964054203	154
6	8564	177.063678250411	155
6	8573	177.385040224994	156
6	8584	177.878964054203	155
6	8610	178.063678250411	156
6	8620	178.66304235416	157
6	8624	178.878964054203	156
6	8646	178.973238477424	157
6	8653	179.063678250411	158
6	8660	179.803499124191	159
6	8661	179.878964054203	158
6	8684	180.063678250411	159
6	8698	180.878964054203	158
6	8721	181.063678250411	159
6	8759	181.878964054203	158
6	8785	182.063678250411	159
6	8805	182.878964054203	158
6	8819	182.948496676894	159
6	8834	183.063678250411	160
6	8837	183.073289769155	161
6	8840	183.186463101547	162
6	8854	183.878964054203	161
6	8876	184.062101899638	162
6	8880	184.063678250411	163
6	8897	184.878964054203	162
6	8920	185.063678250411	163
6	8934	185.878964054203	162
6	8960	186.063678250411	163
6	8980	186.878964054203	162
6	8986	186.888625870203	163
6	9009	187.063678250411	164
6	9012	187.098190355929	165
6	9032	187.878964054203	164
6	9061	188.063678250411	165
6	9087	188.878964054203	164
6	9116	189.063678250411	165
6	9128	189.388447575829	166
6	9139	189.878964054203	165
6	9164	190.041900835556	166
6	9171	190.063678250411	167
6	9194	190.878964054203	166
6	9217	191.063678250411	167
6	9243	191.878964054203	166
6	9269	192.063678250411	167
6	9286	192.878964054203	166
6	9312	193.063678250411	167
6	9324	193.461037338242	168
6	9338	193.878964054203	167
6	9358	193.930645370371	168
6	9373	194.063678250411	169
6	9387	194.878964054203	168
6	9416	195.063678250411	169
6	9445	195.878964054203	168
6	9474	196.063678250411	169
6	9483	196.383951211874	170
6	9490	196.500242878641	171
6	9497	196.878964054203	170
6	9529	197.063678250411	171
6	9538	197.257097195867	172
6	9552	197.878964054203	171
6	9587	198.063678250411	172
6	9601	198.878964054203	171
6	9624	199.063678250411	172
6	9630	199.457914070233	173
6	9638	199.878964054203	172
7	52	1.951545335884	1
7	53	1.951545335884	0
7	73	2.790978188784	1
7	80	2.864663544249	2
7	84	2.879064054203	3
7	93	2.951545335884	2
7	117	3.276241540492	3
7	134	3.879064054203	4
7	143	3.951545335884	3
7	171	4.879064054203	4
7	180	4.951545335884	3
7	194	5.063729203931	4
7	207	5.705438376609	5
7	211	5.879064054203	6
7	220	5.951545335884	5
7	240	6.324367836236	6
7	263	6.879064054203	7
7	272	6.951545335884	6
7	289	7.460306777946	7
7	312	7.879064054203	8
7	321	7.951545335884	7
7	367	8.879064054203	8
7	379	8.951545335884	7
7	422	9.879064054203	8
7	431	9.951545335884	7
7	457	10.354727255933	8
7	471	10.879064054203	9
7	482	10.929259662674	10
7	483	10.951545335884	9
7	497	11.033820888449	10
7	500	11.095936178915	11
7	517	11.879064054203	12
7	526	11.951545335884	11
7	573	12.879064054203	12
7	588	12.951545335884	11
7	631	13.879064054203	12
7	640	13.951545335884	11
7	667	14.59614986337	12
7	677	14.879064054203	13
7	686	14.951545335884	12
7	709	15.468065716996	13
7	726	15.879064054203	14
7	741	15.951545335884	13
7	761	16.444929791067	14
7	778	16.879064054203	15
7	787	16.951545335884	14
7	824	17.879064054203	15
7	833	17.951545335884	14
7	836	17.95156512434	15
7	867	18.879064054203	16
7	876	18.951545335884	15
7	886	19.071379490094	16
7	906	19.70371608649	17
7	913	19.879064054203	18
7	922	19.951545335884	17
7	952	20.632194583391	18
7	959	20.879064054203	19
7	968	20.951545335884	18
7	978	20.964604824355	19
7	984	21.092661589666	20
7	994	21.443837679047	21
7	1004	21.570226315472	22
7	1011	21.879064054203	23
7	1020	21.951545335884	22
7	1030	21.952927264334	23
7	1053	22.487811640091	24
7	1060	22.879064054203	25
7	1069	22.951545335884	24
7	1086	23.320655156157	25
7	1099	23.629069996255	26
7	1103	23.879064054203	27
7	1115	23.951545335884	26
7	1152	24.879064054203	27
7	1167	24.951545335884	26
7	1198	25.879064054203	27
7	1207	25.951545335884	26
7	1224	26.114652353232	27
7	1230	26.456306520258	28
7	1246	26.658656958825	29
7	1249	26.678969417621	30
7	1252	26.859221669606	31
7	1256	26.879064054203	32
7	1265	26.951545335884	31
7	1314	27.879064054203	32
7	1323	27.951545335884	31
7	1356	28.624962742019	32
7	1366	28.879064054203	33
7	1375	28.951545335884	32
7	1402	29.521553612805	33
7	1412	29.879064054203	34
7	1421	29.951545335884	33
7	1452	30.879064054203	34
7	1464	30.951545335884	33
7	1495	31.879064054203	34
7	1504	31.951545335884	33
7	1534	32.573835269689	34
7	1544	32.879064054203	35
7	1553	32.951545335884	34
7	1576	33.444371096015	35
7	1584	33.879064054203	36
7	1593	33.951545335884	35
7	1623	34.736280364816	36
7	1627	34.879064054203	37
7	1642	34.951545335884	36
7	1652	34.998337606491	37
7	1672	35.549733596625	38
7	1675	35.569113377973	39
7	1679	35.879064054203	40
7	1691	35.951545335884	39
7	1714	36.204241093604	40
7	1730	36.546840718302	41
7	1737	36.879064054203	42
7	1746	36.951545335884	41
7	1756	37.106801788376	42
7	1766	37.252375766824	43
7	1785	37.606599899069	44
7	1801	37.879064054203	45
7	1810	37.951545335884	44
7	1830	38.409151884828	45
7	1853	38.879064054203	46
7	1865	38.951545335884	45
7	1875	38.973762385949	46
7	1902	39.879064054203	47
7	1911	39.951545335884	46
7	1942	40.879064054203	47
7	1957	40.951545335884	46
7	1994	41.879064054203	47
7	2003	41.951545335884	46
7	2031	42.879064054203	47
7	2040	42.951545335884	46
7	2054	43.111572146459	47
7	2083	43.879064054203	48
7	2092	43.951545335884	47
7	2102	44.067538570381	48
7	2126	44.879064054203	49
7	2140	44.909419532113	50
7	2141	44.951545335884	49
7	2184	45.879064054203	50
7	2193	45.951545335884	49
7	2203	46.104858098395	50
7	2210	46.121625864387	51
7	2230	46.879064054203	52
7	2239	46.951545335884	51
7	2264	47.879064054203	52
7	2273	47.951545335884	51
7	2290	48.058203101878	52
7	2296	48.472815644537	53
7	2304	48.879064054203	54
7	2322	48.951545335884	53
7	2339	49.145276161371	54
7	2345	49.163971631792	55
7	2378	49.879064054203	56
7	2387	49.951545335884	55
7	2411	50.742384353898	56
7	2418	50.879064054203	57
7	2433	50.951545335884	56
7	2467	51.879064054203	57
7	2482	51.951545335884	56
7	2498	52.273215580165	57
7	2516	52.879064054203	58
7	2525	52.951545335884	57
7	2535	53.040295234737	58
7	2556	53.879064054203	59
7	2568	53.951545335884	58
7	2585	54.429972298513	59
7	2598	54.668725171361	60
7	2610	54.874757219844	61
7	2614	54.879064054203	62
7	2629	54.951545335884	61
7	2660	55.879064054203	62
7	2669	55.951545335884	61
7	2682	56.220104653078	62
7	2688	56.279885615993	63
7	2708	56.849783181299	64
7	2715	56.879064054203	65
7	2724	56.951545335884	64
7	2761	57.879064054203	65
7	2770	57.951545335884	64
7	2780	58.041641284954	65
7	2786	58.111258956028	66
7	2804	58.879064054203	67
7	2813	58.951545335884	66
7	2829	59.248797461569	67
7	2853	59.879064054203	68
7	2862	59.951545335884	67
7	2875	60.182857794174	68
7	2895	60.791690707911	69
7	2898	60.812557926521	70
7	2905	60.879064054203	71
7	2917	60.951545335884	70
7	2927	61.072909338068	71
7	2930	61.458597032113	72
7	2948	61.879064054203	73
7	2957	61.951545335884	72
7	2997	62.879064054203	73
7	3006	62.951545335884	72
7	3036	63.806440793542	73
7	3040	63.879064054203	74
7	3049	63.951545335884	73
7	3062	64.011788562278	74
7	3083	64.879064054203	75
7	3095	64.951545335884	74
7	3132	65.879064054203	75
7	3144	65.951545335884	74
7	3181	66.879064054203	75
7	3190	66.951545335884	74
7	3207	67.064973231871	75
7	3210	67.231847873104	76
7	3226	67.784686243756	77
7	3233	67.879064054203	78
7	3242	67.951545335884	77
7	3271	68.407515553521	78
7	3288	68.879064054203	79
7	3297	68.951545335884	78
7	3333	69.782195507323	79
7	3340	69.879064054203	80
7	3352	69.951545335884	79
7	3375	70.404232426404	80
7	3388	70.584506725982	81
7	3407	70.879064054203	82
7	3416	70.951545335884	81
7	3426	71.023962116475	82
7	3447	71.879064054203	83
7	3459	71.951545335884	82
7	3485	72.404925212142	83
7	3488	72.451612955786	84
7	3499	72.879064054203	85
7	3508	72.951545335884	84
7	3566	73.879064054203	85
7	3575	73.951545335884	84
7	3606	74.879064054203	85
7	3615	74.951545335884	84
7	3645	75.720109356609	85
7	3655	75.879064054203	86
7	3664	75.951545335884	85
7	3694	76.588675088075	86
7	3701	76.879064054203	87
7	3710	76.951545335884	86
7	3741	77.879064054203	87
7	3750	77.951545335884	86
7	3775	78.879064054203	87
7	3784	78.951545335884	86
7	3811	79.84759606526	87
7	3815	79.879064054203	88
7	3824	79.951545335884	87
7	3867	80.879064054203	88
7	3879	80.951545335884	87
7	3907	81.879064054203	88
7	3918	81.92135752836	89
7	3919	81.951545335884	88
7	3948	82.879064054203	89
7	3960	82.951545335884	88
7	3997	83.879064054203	89
7	4009	83.951545335884	88
7	4051	84.879064054203	89
7	4063	84.951545335884	88
7	4090	85.879064054203	89
7	4101	85.929307183234	90
7	4102	85.951545335884	89
7	4127	86.879064054203	90
7	4139	86.951545335884	89
7	4170	87.879064054203	90
7	4182	87.951545335884	89
7	4228	88.879064054203	90
7	4237	88.951545335884	89
7	4259	89.169270150135	90
7	4270	89.532512369037	91
7	4273	89.691445548693	92
7	4286	89.879064054203	93
7	4298	89.951545335884	92
7	4329	90.879064054203	93
7	4338	90.951545335884	92
7	4377	91.835831013206	93
7	4381	91.879064054203	94
7	4392	91.937365097147	95
7	4393	91.951545335884	94
7	4409	92.252525125863	95
7	4436	92.879064054203	96
7	4445	92.951545335884	95
7	4467	93.148854330884	96
7	4490	93.732278101919	97
7	4497	93.879064054203	98
7	4509	93.951545335884	97
7	4525	94.21019608943	98
7	4531	94.300533333512	99
7	4555	94.879064054203	100
7	4564	94.951545335884	99
7	4574	95.379460242012	100
7	4610	95.879064054203	101
7	4619	95.951545335884	100
7	4668	96.879064054203	101
7	4671	96.881873035723	102
7	4680	96.951545335884	101
7	4704	97.556824009376	102
7	4708	97.879064054203	103
7	4717	97.951545335884	102
7	4736	98.288369348509	103
7	4766	98.879064054203	104
7	4778	98.951545335884	103
7	4788	99.150036840304	104
7	4808	99.712862042121	105
7	4815	99.879064054203	106
7	4827	99.951545335884	105
7	4856	100.481115383988	106
7	4873	100.879064054203	107
7	4885	100.951545335884	106
7	4895	100.979807716858	107
7	4910	101.118394538281	108
7	4927	101.728877383279	109
7	4930	101.815494377726	110
7	4934	101.879064054203	111
7	4949	101.951545335884	110
7	4959	102.429098587467	111
7	4971	102.879064054203	112
7	4980	102.951545335884	111
7	5023	103.879064054203	112
7	5032	103.951545335884	111
7	5059	104.52573486099	112
7	5062	104.55317696142	113
7	5072	104.879064054203	114
7	5084	104.951545335884	113
7	5111	105.563946124519	114
7	5124	105.879064054203	115
7	5135	105.93252906413	116
7	5136	105.951545335884	115
7	5166	106.632554700245	116
7	5173	106.879064054203	117
7	5188	106.951545335884	116
7	5198	107.243612261531	117
7	5213	107.879064054203	118
7	5225	107.951545335884	117
7	5235	108.101047364145	118
7	5238	108.272585991518	119
7	5256	108.879064054203	120
7	5265	108.951545335884	119
7	5302	109.879064054203	120
7	5311	109.951545335884	119
7	5347	110.667765780907	120
7	5354	110.879064054203	121
7	5366	110.951545335884	120
7	5394	111.879064054203	121
7	5403	111.951545335884	120
7	5413	111.968603208367	121
7	5416	112.096176782164	122
7	5430	112.535253767752	123
7	5440	112.879064054203	124
7	5452	112.951545335884	123
7	5468	112.976408578482	124
7	5488	113.489335570311	125
7	5491	113.594268317639	126
7	5498	113.879064054203	127
7	5510	113.951545335884	126
7	5537	114.533770303502	127
7	5543	114.591363220319	128
7	5546	114.681870690467	129
7	5553	114.879064054203	130
7	5564	114.946805628104	131
7	5565	114.951545335884	130
7	5608	115.879064054203	131
7	5619	115.89992816637	132
7	5623	115.951545335884	131
7	5662	116.686487258262	132
7	5668	116.698596503324	133
7	5674	116.821311510641	134
7	5678	116.879064054203	135
7	5690	116.951545335884	134
7	5726	117.78490420693	135
7	5733	117.879064054203	136
7	5745	117.951545335884	135
7	5758	117.962780964786	136
7	5769	118.636724409005	137
7	5773	118.879064054203	138
7	5782	118.951545335884	137
7	5809	119.658442756415	138
7	5816	119.879064054203	139
7	5825	119.951545335884	138
7	5835	120.033504699534	139
7	5865	120.879064054203	140
7	5874	120.951545335884	139
7	5901	121.652165765954	140
7	5912	121.879064054203	141
7	5924	121.951545335884	140
7	5955	122.879064054203	141
7	5964	122.951545335884	140
7	6004	123.879064054203	141
7	6013	123.951545335884	140
7	6032	124.267806698376	141
7	6051	124.774529912276	142
7	6059	124.879064054203	143
7	6071	124.951545335884	142
7	6081	125.203037516456	143
7	6105	125.879064054203	144
7	6114	125.951545335884	143
7	6139	126.879064054203	144
7	6142	126.890255805214	145
7	6151	126.951545335884	144
7	6185	127.879064054203	145
7	6197	127.951545335884	144
7	6228	128.879064054203	145
7	6237	128.951545335884	144
7	6250	129.163962971902	145
7	6263	129.607297367903	146
7	6266	129.667425737033	147
7	6277	129.879064054203	148
7	6289	129.951545335884	147
7	6314	130.879064054203	148
7	6323	130.951545335884	147
7	6369	131.879064054203	148
7	6381	131.951545335884	147
7	6394	132.15305682138	148
7	6423	132.854102330706	149
7	6427	132.879064054203	150
7	6439	132.951545335884	149
7	6452	133.125572297135	150
7	6476	133.879064054203	151
7	6487	133.936065444317	152
7	6488	133.951545335884	151
7	6525	134.879064054203	152
7	6534	134.951545335884	151
7	6565	135.879064054203	152
7	6574	135.951545335884	151
7	6584	135.955649947536	152
7	6611	136.879064054203	153
7	6623	136.951545335884	152
7	6636	137.186368798567	153
7	6655	137.779699366828	154
7	6666	137.879064054203	155
7	6678	137.951545335884	154
7	6713	138.706337967125	155
7	6721	138.879064054203	156
7	6730	138.951545335884	155
7	6740	139.027678269994	156
7	6743	139.188408310561	157
7	6761	139.879064054203	158
7	6770	139.951545335884	157
7	6780	140.085461324667	158
7	6786	140.328206762027	159
7	6804	140.879064054203	160
7	6813	140.951545335884	159
7	6827	141.195498780858	160
7	6840	141.514339829271	161
7	6850	141.879064054203	162
7	6865	141.951545335884	161
7	6875	142.028025442535	162
7	6902	142.879064054203	163
7	6911	142.951545335884	162
7	6931	143.261114169752	163
7	6945	143.879064054203	164
7	6954	143.951545335884	163
7	6967	144.243642512474	164
7	6993	144.879064054203	165
7	7005	144.951545335884	164
7	7033	145.879064054203	165
7	7045	145.951545335884	164
7	7079	146.879064054203	165
7	7091	146.951545335884	164
7	7118	147.658567414906	165
7	7128	147.879064054203	166
7	7137	147.951545335884	165
7	7147	148.07665907385	166
7	7168	148.871531909916	167
7	7172	148.879064054203	168
7	7184	148.951545335884	167
7	7194	149.032016017274	168
7	7227	149.879064054203	169
7	7242	149.951545335884	168
7	7288	150.879064054203	169
7	7300	150.951545335884	168
7	7310	150.972064227152	169
7	7349	151.879064054203	170
7	7360	151.945536770798	171
7	7361	151.951545335884	170
7	7395	152.879064054203	171
7	7404	152.951545335884	170
7	7414	153.133865931085	171
7	7417	153.136572805664	172
7	7426	153.394157672005	173
7	7444	153.879064054203	174
7	7456	153.951545335884	173
7	7466	154.311429468917	174
7	7490	154.879064054203	175
7	7499	154.951545335884	174
7	7527	155.879064054203	175
7	7539	155.951545335884	174
7	7570	156.879064054203	175
7	7582	156.951545335884	174
7	7615	157.602078299176	175
7	7622	157.879064054203	176
7	7634	157.951545335884	175
7	7644	158.085131323439	176
7	7650	158.180415806311	177
7	7656	158.438875055029	178
7	7671	158.879064054203	179
7	7683	158.951545335884	178
7	7693	158.967019045751	179
7	7717	159.879064054203	180
7	7726	159.951545335884	179
7	7760	160.879064054203	180
7	7769	160.951545335884	179
7	7779	161.149732935036	180
7	7800	161.879064054203	181
7	7809	161.951545335884	180
7	7828	162.121781903516	181
7	7852	162.879064054203	182
7	7861	162.951545335884	181
7	7901	163.879064054203	182
7	7910	163.951545335884	181
7	7943	164.689714532218	182
7	7953	164.879064054203	183
7	7965	164.951545335884	182
7	7993	165.879064054203	183
7	8002	165.951545335884	182
7	8039	166.879064054203	183
7	8051	166.951545335884	182
7	8061	167.057950585221	183
7	8100	167.879064054203	184
7	8109	167.951545335884	183
7	8119	168.04018876963	184
7	8126	168.103212213887	185
7	8148	168.746937019739	186
7	8152	168.879064054203	187
7	8161	168.951545335884	186
7	8171	168.954640305951	187
7	8195	169.879064054203	188
7	8204	169.951545335884	187
7	8218	170.071158879509	188
7	8236	170.457653061553	189
7	8256	170.879064054203	190
7	8265	170.951545335884	189
7	8295	171.504845317045	190
7	8311	171.879064054203	191
7	8320	171.951545335884	190
7	8344	172.645369792009	191
7	8351	172.879064054203	192
7	8360	172.951545335884	191
7	8377	173.161573246946	192
7	8383	173.433924473301	193
7	8391	173.879064054203	194
7	8400	173.951545335884	193
7	8417	174.156526710836	194
7	8430	174.615278013482	195
7	8440	174.879064054203	196
7	8449	174.951545335884	195
7	8482	175.511963850067	196
7	8492	175.879064054203	197
7	8504	175.951545335884	196
7	8528	176.582046339695	197
7	8538	176.879064054203	198
7	8550	176.951545335884	197
7	8567	177.097493889702	198
7	8580	177.531193360103	199
7	8587	177.879064054203	200
7	8599	177.951545335884	199
7	8627	178.879064054203	200
7	8636	178.951545335884	199
7	8664	179.879064054203	200
7	8673	179.951545335884	199
7	8690	180.305947981683	200
7	8693	180.426406249452	201
7	8701	180.879064054203	202
7	8710	180.951545335884	201
7	8743	181.624557637296	202
7	8752	181.689241242441	203
7	8758	181.836873125672	204
7	8762	181.879064054203	205
7	8771	181.951545335884	204
7	8788	182.138828129161	205
7	8808	182.879064054203	206
7	8820	182.951545335884	205
7	8857	183.879064054203	206
7	8866	183.951545335884	205
7	8889	184.187411285758	206
7	8900	184.879064054203	207
7	8909	184.951545335884	206
7	8937	185.879064054203	207
7	8946	185.951545335884	206
7	8983	186.879064054203	207
7	8997	186.933663155982	208
7	8998	186.951545335884	207
7	9035	187.879064054203	208
7	9047	187.951545335884	207
7	9057	188.00299421435	208
7	9083	188.873074124717	209
7	9090	188.879064054203	210
7	9102	188.951545335884	209
7	9142	189.879064054203	210
7	9154	189.951545335884	209
7	9190	190.836197414274	210
7	9197	190.879064054203	211
7	9206	190.951545335884	210
7	9230	191.497277215104	211
7	9239	191.765500308375	212
7	9246	191.879064054203	213
7	9255	191.951545335884	212
7	9285	192.878364119987	213
7	9289	192.879064054203	214
7	9301	192.951545335884	213
7	9341	193.879064054203	214
7	9344	193.897759308055	215
7	9359	193.951545335884	214
7	9390	194.879064054203	215
7	9393	194.879544213655	216
7	9402	194.951545335884	215
7	9438	195.649406149469	216
7	9448	195.879064054203	217
7	9457	195.951545335884	216
7	9467	195.979512843523	217
7	9470	196.009920837287	218
7	9496	196.834492560466	219
7	9500	196.879064054203	220
7	9514	196.923578517957	221
7	9515	196.951545335884	220
7	9555	197.879064054203	221
7	9564	197.951545335884	220
7	9577	198.019228388206	221
7	9580	198.048853140503	222
7	9583	198.050061442381	223
7	9600	198.815600524655	224
7	9604	198.879064054203	225
7	9613	198.951545335884	224
7	9641	199.879064054203	225
7	9650	199.951545335884	224

